month_iso,department,payroll_cost_gbp,base_salary_cost_gbp,employer_tax_cost_gbp,benefits_cost_gbp,bonus_accrual_cost_gbp,active_headcount_count,active_fte_count,ghost_headcount_count,status_active_mismatch_count,open_position_count,open_position_monthly_salary_exposure_gbp,monthly_salary_exposure_gbp,control_exception_count
2022-01-01,Customer Success,771295.72,570453.99,70185.88,56851.47,73804.38,68,68,0,2,0,0,681484.57,1
2022-01-01,Engineering,1487236.9,1105206.36,141317.14,107662.69,133050.71,153,153,1,10,0,0,1312316.77,1
2022-01-01,Finance & HR,164061.18,124323.94,15031.74,11920.55,12784.95,18,18,0,0,0,0,138191.49,0
2022-01-01,General & Administrative,273969.09,207261.18,27855.37,20084.1,18768.44,34,34,1,2,0,0,239185.31,1
2022-01-01,Marketing,291774.02,216643.54,25027.35,22471.85,27631.28,28,28,0,2,0,0,268562.09,1
2022-01-01,Product,459401.01,341950.23,42919.14,35434.18,39097.46,44,44,1,0,0,0,406512.62,1
2022-01-01,Sales,864597.05,646485.01,80132.36,62982.61,74997.07,93,93,1,7,0,0,786111.02,1
2022-01-01,Unknown / Legacy Operations,128135.45,94678.05,11740.4,9066.68,12650.32,12,12,0,0,0,0,107257.06,1
2022-02-01,Customer Success,772346.31,571291.61,70189.49,56962.55,73902.66,68,68,0,2,0,0,681484.57,1
2022-02-01,Engineering,1488735.02,1106374.67,141279.09,107825.14,133256.12,153,153,1,10,0,0,1312316.77,1
2022-02-01,Finance & HR,164305.57,124510.36,15039.25,11944.05,12811.91,18,18,0,0,0,0,138191.49,0
2022-02-01,General & Administrative,274028.07,207330.3,27827.09,20098.15,18772.53,34,34,1,2,0,0,239185.31,1
2022-02-01,Marketing,292382.94,217122.17,25043.49,22532.92,27684.36,28,28,0,2,0,0,268562.09,1
2022-02-01,Product,459822.3,342319.88,42887.86,35488.67,39125.89,44,44,1,0,0,0,406512.62,1
2022-02-01,Sales,865859.46,647474.85,80154.81,63111.1,75118.7,93,93,1,7,0,0,786111.02,1
2022-02-01,Unknown / Legacy Operations,128288.06,94799.69,11742.79,9082.46,12663.12,12,12,0,0,0,0,107257.06,1
2022-03-01,Customer Success,773466.1,572212.8,70163.96,57085.31,74004.03,68,68,0,2,0,0,681484.57,1
2022-03-01,Engineering,1490236,1107576.27,141170.32,107994.34,133495.07,153,153,1,10,0,0,1312316.77,1
2022-03-01,Finance & HR,164572.55,124715.5,15042.76,11970.71,12843.58,18,18,0,0,0,0,138191.49,0
2022-03-01,General & Administrative,273930.71,207293.49,27766.48,20102.68,18768.06,34,34,1,2,0,0,239185.31,1
2022-03-01,Marketing,293110.19,217702.81,25057.58,22605.73,27744.07,28,28,0,2,0,0,268562.09,1
2022-03-01,Product,460004.71,342545.46,42800.48,35532.57,39126.2,44,44,1,0,0,0,406512.62,1
2022-03-01,Sales,867477.43,648745.16,80180.7,63267.89,75283.68,93,93,1,7,0,0,786111.02,1
2022-03-01,Unknown / Legacy Operations,128448.88,94930.92,11741.18,9099.91,12676.87,12,12,0,0,0,0,107257.06,1
2022-04-01,Customer Success,778674.08,576279.76,70292.89,57603.61,74497.82,68,68,0,2,0,0,681484.57,1
2022-04-01,Engineering,1498181.49,1113674.85,141253.75,108789.81,134463.08,153,153,1,10,0,0,1312316.77,1
2022-04-01,Finance & HR,165669.86,125549.42,15085.72,12074.32,12960.4,18,18,0,0,0,0,138191.49,0
2022-04-01,General & Administrative,274601.34,207891.1,27709.47,20191.61,18809.16,34,34,1,2,0,0,239185.31,1
2022-04-01,Marketing,295933.92,219896.87,25164.55,22879.02,27993.48,28,28,0,2,0,0,268562.09,1
2022-04-01,Product,462533.3,344622.92,42776.39,35812.7,39321.29,44,44,1,0,0,0,406512.62,1
2022-04-01,Sales,873519.75,653424.81,80382.9,63854.78,75857.26,93,93,1,7,0,0,786111.02,1
2022-04-01,Unknown / Legacy Operations,129171.85,95500.83,11763.71,9171.83,12735.48,12,12,0,0,0,0,107257.06,1
2022-05-01,Customer Success,782700.07,579351.37,70475.35,57986.42,74886.93,68,68,0,2,0,0,681484.57,1
2022-05-01,Engineering,1504649.01,1118562.31,141515.58,109407.15,135163.97,153,153,1,10,0,0,1312316.77,1
2022-05-01,Finance & HR,166468.21,126152.74,15127.58,12147.44,13040.45,18,18,0,0,0,0,138191.49,0
2022-05-01,General & Administrative,275491.5,208607.29,27740.06,20282.74,18861.41,34,34,1,2,0,0,239185.31,1
2022-05-01,Marketing,297931.85,221425.09,25261.41,23068.5,28176.85,28,28,0,2,0,0,268562.09,1
2022-05-01,Product,465039.49,346565.73,42884.2,36053.81,39535.75,44,44,1,0,0,0,406512.62,1
2022-05-01,Sales,877709.53,656642.1,80568.27,64261.42,76237.74,93,93,1,7,0,0,786111.02,1
2022-05-01,Unknown / Legacy Operations,129721.62,95927.41,11791.02,9224.26,12778.93,12,12,0,0,0,0,107257.06,1
2022-06-01,Customer Success,784667.57,580700.66,70790.06,58092.25,75084.6,68,68,0,2,0,0,681484.57,1
2022-06-01,Engineering,1509013.28,1121711.26,142207.34,109663.81,135430.87,153,153,1,10,0,0,1312316.77,1
2022-06-01,Finance & HR,166539.53,126200.96,15148.97,12150.22,13039.38,18,18,0,0,0,0,138191.49,0
2022-06-01,General & Administrative,276477.65,209319.09,27893.22,20347.33,18918.01,34,34,1,2,0,0,239185.31,1
2022-06-01,Marketing,298609.11,221893.82,25377.43,23100.98,28236.88,28,28,0,2,0,0,268562.09,1
2022-06-01,Product,466614.53,347637.55,43133.17,36150.09,39693.72,44,44,1,0,0,0,406512.62,1
2022-06-01,Sales,880101.8,658317.13,80937.46,64382.7,76464.51,93,93,1,7,0,0,786111.02,1
2022-06-01,Unknown / Legacy Operations,129882.95,96042.59,11821.4,9233.12,12785.84,12,12,0,0,0,0,107257.06,1
2022-07-01,Customer Success,790991.94,585398.71,71262.81,58627.82,75702.6,68,68,0,2,0,0,681484.57,1
2022-07-01,Engineering,1509574.16,1121845,142458.74,109619.08,135651.34,152,152,1,9,0,0,1302527.64,1
2022-07-01,Finance & HR,167537.5,126950.27,15216.35,12238.45,13132.43,18,18,0,0,0,0,138191.49,0
2022-07-01,General & Administrative,278348.42,210755.3,28057.83,20508.64,19026.65,34,34,1,2,0,0,239185.31,1
2022-07-01,Marketing,301492.99,224058.14,25585.15,23349.04,28500.66,28,28,0,2,0,0,268562.09,1
2022-07-01,Product,470884.46,350820.71,43470.2,36514.44,40079.11,44,44,1,0,0,0,406512.62,1
2022-07-01,Sales,886904.73,663410.37,81451,64955.6,77087.76,93,93,1,7,0,0,786111.02,1
2022-07-01,Unknown / Legacy Operations,130661.18,96637.83,11878.75,9301.98,12842.62,12,12,0,0,0,0,107257.06,1
2022-08-01,Customer Success,799319.06,591646.81,71773.35,59382.76,76516.14,68,68,0,2,0,0,681484.57,1
2022-08-01,Engineering,1516993.58,1127489.27,142407.72,110401.44,136695.15,151,151,1,8,0,0,1297087.42,1
2022-08-01,Finance & HR,169062.89,128098.21,15311.18,12375.02,13278.48,18,18,0,0,0,0,138191.49,0
2022-08-01,General & Administrative,280671.74,212562.66,28224.8,20722.83,19161.45,34,34,1,2,0,0,239185.31,1
2022-08-01,Marketing,305378.98,226993.83,25815.81,23705.61,28863.73,28,28,0,2,0,0,268562.09,1
2022-08-01,Product,476667.38,355182.13,43859.58,37030.55,40595.12,44,44,1,0,0,0,406512.62,1
2022-08-01,Sales,895210.3,669719.19,81931,65733.56,77826.55,93,93,1,7,0,0,786111.02,1
2022-08-01,Unknown / Legacy Operations,131763.09,97483.91,11948.72,9403.3,12927.16,12,12,0,0,0,0,107257.06,1
2022-09-01,Customer Success,802015.94,593614.06,72010.58,59607.05,76784.25,68,68,0,2,0,0,681484.57,1
2022-09-01,Engineering,1521742.84,1130988.7,142852.22,110797.88,137104.04,151,151,1,8,0,0,1297087.42,1
2022-09-01,Finance & HR,169487.22,128414.78,15346.14,12411.2,13315.1,18,18,0,0,0,0,138191.49,0
2022-09-01,General & Administrative,281680.33,213321,28334.31,20805.71,19219.31,34,34,1,2,0,0,239185.31,1
2022-09-01,Marketing,306506.49,227824.74,25907.14,23802.08,28972.53,28,28,0,2,0,0,268562.09,1
2022-09-01,Product,478852.87,356772.33,44074.06,37206.31,40800.17,44,44,1,0,0,0,406512.62,1
2022-09-01,Sales,897721.2,671586.93,82140.54,65951.94,78041.79,93,93,1,7,0,0,786111.02,1
2022-09-01,Unknown / Legacy Operations,132100.17,97737.82,11978.55,9432.2,12951.6,12,12,0,0,0,0,107257.06,1
2022-10-01,Customer Success,802513.7,594014.81,72004.08,59663.84,76830.97,68,68,0,2,0,0,681484.57,1
2022-10-01,Engineering,1522385.76,1131494.41,142813.57,110877.03,137200.75,151,151,1,8,0,0,1297087.42,1
2022-10-01,Finance & HR,169621.24,128516.92,15350.5,12424.03,13329.79,18,18,0,0,0,0,138191.49,0
2022-10-01,General & Administrative,281704.99,213352.61,28318.26,20813.12,19221,34,34,1,2,0,0,239185.31,1
2022-10-01,Marketing,306798.38,228055.06,25911.21,23833.25,28998.86,28,28,0,2,0,0,268562.09,1
2022-10-01,Product,479081.69,356971.96,44057.53,37236.12,40816.08,44,44,1,0,0,0,406512.62,1
2022-10-01,Sales,898246.5,672008.79,82133.79,66013.73,78090.19,93,93,1,7,0,0,786111.02,1
2022-10-01,Unknown / Legacy Operations,132179.38,97800.86,11979.41,9440.59,12958.52,12,12,0,0,0,0,107257.06,1
2022-11-01,Customer Success,802558.65,594084.89,71939.97,59698.26,76835.53,68,68,0,2,0,0,681484.57,1
2022-11-01,Engineering,1509813.36,1121864.88,141522.27,109995.08,136431.13,149,149,1,6,0,0,1283885.1,1
2022-11-01,Finance & HR,169758.91,128621.83,15355.05,12437.21,13344.82,18,18,0,0,0,0,138191.49,0
2022-11-01,General & Administrative,281642.02,213318.13,28290.58,20816.1,19217.21,34,34,1,2,0,0,239185.31,1
2022-11-01,Marketing,306868.97,228119.22,25886.31,23853.12,29010.32,28,28,0,2,0,0,268562.09,1
2022-11-01,Product,479228.92,357110.95,44029.7,37262.2,40826.07,44,44,1,0,0,0,406512.62,1
2022-11-01,Sales,897873.16,671784.68,82015.72,66031.16,78041.6,93,93,1,7,0,0,786111.02,1
2022-11-01,Unknown / Legacy Operations,132232.91,97843.62,11976.66,9447.66,12964.97,12,12,0,0,0,0,107257.06,1
2022-12-01,Customer Success,801655.9,593312.25,71988.18,59597.56,76757.91,68,68,0,2,0,0,681484.57,1
2022-12-01,Engineering,1508737.3,1120970.53,141672.66,109872.23,136221.88,149,149,1,6,0,0,1283885.1,1
2022-12-01,Finance & HR,169550.74,128460.05,15358,12415.21,13317.48,18,18,0,0,0,0,138191.49,0
2022-12-01,General & Administrative,275573.24,208768.36,27454.94,20354.47,18995.47,33,33,1,1,0,0,233735.05,1
2022-12-01,Marketing,299539.03,222323.11,25151.5,23367.36,28697.06,27,27,0,1,0,0,263313.34,1
2022-12-01,Product,479415.24,357144.49,44161.57,37246.49,40862.69,44,44,1,0,0,0,406512.62,1
2022-12-01,Sales,896193.6,670472.42,81978.69,65882.47,77860.02,93,93,1,7,0,0,786111.02,1
2022-12-01,Unknown / Legacy Operations,132110.92,97740.33,11982.55,9433.59,12954.45,12,12,0,0,0,0,107257.06,1
2023-01-01,Customer Success,802709.79,594035.51,72130.17,59676.37,76867.74,68,68,0,2,0,0,681484.57,1
2023-01-01,Engineering,1549294.06,1149409.59,147064.01,112673.98,140146.48,152,152,1,5,0,0,1314419.65,1
2023-01-01,Finance & HR,169696.95,128566.52,15378.07,12425.97,13326.39,18,18,0,0,0,0,138191.49,0
2023-01-01,General & Administrative,276152.99,209188.88,27536.9,20397.86,19029.35,33,33,1,1,0,0,233735.05,1
2023-01-01,Marketing,312746.28,232193.22,26723.5,24233.67,29595.89,29,29,0,1,0,0,273476.5,1
2023-01-01,Product,480660.75,358010.02,44328.8,37334.6,40987.33,44,44,1,0,0,0,406512.62,1
2023-01-01,Sales,910952.29,682069.08,83222.74,67081.48,78578.99,95,95,1,8,0,0,798331.27,1
2023-01-01,Unknown / Legacy Operations,138915.99,103016.11,12715.75,9857.99,13326.14,13,13,0,0,0,0,112438.91,1
2023-02-01,Customer Success,805615.8,596528.86,72417.37,59963.03,76706.54,69,69,0,2,0,0,687466.32,1
2023-02-01,Engineering,1548858.54,1149149.31,147578.75,112447.24,139683.24,153,153,1,5,0,0,1320094.35,1
2023-02-01,Finance & HR,181093.59,137364.48,16063.24,13479.68,14186.19,19,19,0,1,0,0,149187.16,1
2023-02-01,General & Administrative,275640.86,208748.78,27555.58,20336.97,18999.53,33,33,1,1,0,0,233735.05,1
2023-02-01,Marketing,322454.98,239672.58,27330.29,25127.24,30324.87,30,30,0,1,0,0,283904.79,1
2023-02-01,Product,515208.99,383288.34,47554.21,39616.63,44749.81,47,47,1,0,0,0,437223.17,1
2023-02-01,Sales,914755.64,684906.87,83877.54,67179.4,78791.83,96,96,1,8,0,0,804270.44,1
2023-02-01,Unknown / Legacy Operations,167474.25,123434.05,14289.38,12306.44,17444.38,14,14,0,1,0,0,136992.57,1
2023-03-01,Customer Success,793669.25,587571.09,71635.36,58907.16,75555.64,69,69,0,2,0,0,687466.32,1
2023-03-01,Engineering,1575873.09,1170884.34,149955.93,114524.25,140508.57,159,159,1,5,0,0,1363962.39,1
2023-03-01,Finance & HR,195664.88,148904.69,16935.93,14866.22,14958.04,21,21,0,1,0,0,165452.99,1
2023-03-01,General & Administrative,272443.4,206265.01,27318.52,20047.43,18812.44,33,33,1,1,0,0,233735.05,1
2023-03-01,Marketing,326451.17,242722.57,27987.16,25201.31,30540.13,31,31,0,1,0,0,291393.09,1
2023-03-01,Product,515947.04,383885.97,47926.88,39432.51,44701.68,48,48,1,0,0,0,444024.38,1
2023-03-01,Sales,962288.82,719275.82,89044.58,70441.58,83526.84,101,101,1,8,0,0,853444.74,1
2023-03-01,Unknown / Legacy Operations,165093.77,121651.23,14142.22,12094.48,17205.84,14,14,0,1,0,0,136992.57,1
2023-04-01,Customer Success,792932.69,587368.71,71487.96,58900.17,75175.85,70,70,0,2,0,0,694667.72,1
2023-04-01,Engineering,1581899.59,1175820.28,150459.91,114875.82,140743.58,161,161,1,5,0,0,1381724.35,1
2023-04-01,Finance & HR,193780.07,147474.44,16809.97,14697.39,14798.27,21,21,0,1,0,0,165452.99,1
2023-04-01,General & Administrative,278779.67,211054.68,28022.26,20367.36,19335.37,34,34,1,1,0,0,240382.3,1
2023-04-01,Marketing,334563.36,249063.45,28424.82,25967.74,31107.35,32,32,0,1,0,0,302843.99,1
2023-04-01,Product,531706.85,396031.85,49210.56,40647.22,45817.22,50,50,1,0,0,0,467160.3,1
2023-04-01,Sales,985001.41,735526.1,91112.21,72242.89,86120.21,104,104,1,8,0,0,881074.94,1
2023-04-01,Unknown / Legacy Operations,170043.57,125620.05,14745.05,12368.16,17310.31,15,15,0,1,0,0,142116.79,1
2023-05-01,Customer Success,789537.48,584748.4,71363.69,58566.92,74858.47,70,70,0,2,0,0,694667.72,1
2023-05-01,Engineering,1628597.79,1210349.11,155185.33,117789.66,145273.69,167,167,1,5,0,0,1426373.37,1
2023-05-01,Finance & HR,206009.13,156913.15,17538.83,15828.88,15728.27,22,22,0,1,0,0,178322.79,1
2023-05-01,General & Administrative,278129.48,210520.28,28015.2,20296.33,19297.67,34,34,1,1,0,0,240382.3,1
2023-05-01,Marketing,332647.97,247587.68,28342.43,25782.47,30935.39,32,32,0,1,0,0,302843.99,1
2023-05-01,Product,543763.07,405228.93,50652.2,41300.44,46581.5,52,52,1,1,0,0,478077.9,1
2023-05-01,Sales,981202.41,732592.71,90985.13,71863.01,85761.56,104,104,1,8,0,0,881074.94,1
2023-05-01,Unknown / Legacy Operations,169243.25,125018.06,14706.96,12294.17,17224.06,15,15,0,1,0,0,142116.79,1
2023-06-01,Customer Success,795123.27,588894.07,71635.21,59079.6,75514.39,71,71,0,2,0,0,701926.41,1
2023-06-01,Engineering,1653880.28,1230189.73,157774.57,119480.75,146435.23,172,172,1,5,0,0,1453397.15,1
2023-06-01,Finance & HR,205523.29,156543.36,17507.69,15785,15687.24,22,22,0,1,0,0,178322.79,1
2023-06-01,General & Administrative,277550.13,210075.13,27964.19,20247.27,19263.54,34,34,1,1,0,0,240382.3,1
2023-06-01,Marketing,331574.84,246779.84,28261.03,25692.63,30841.34,32,32,0,1,0,0,302843.99,1
2023-06-01,Product,546587.54,407510.67,51110.76,41413.14,46552.97,53,53,1,1,0,0,483903.04,1
2023-06-01,Sales,995319.02,743784.56,91774.44,73231.64,86528.38,106,106,1,8,0,0,897754.83,1
2023-06-01,Unknown / Legacy Operations,168875,124742.06,14681.61,12262.25,17189.08,15,15,0,1,0,0,142116.79,1
2023-07-01,Customer Success,818859.67,605038.14,74890.99,60671.84,78258.7,73,73,0,2,0,0,721832.17,1
2023-07-01,Engineering,1665087.06,1239013.99,158749.92,120319.76,147003.39,174,174,1,5,0,0,1465396.74,1
2023-07-01,Finance & HR,224806,169406.07,20047.97,17065.84,18286.12,23,23,0,1,0,0,193575.87,1
2023-07-01,General & Administrative,277143.4,209762.91,27929.84,20210.78,19239.87,34,34,1,1,0,0,240382.3,1
2023-07-01,Marketing,330903.66,246275.7,28218.67,25630.74,30778.55,32,32,0,1,0,0,302843.99,1
2023-07-01,Product,565214.81,421774.55,53108.2,42524.06,47808,55,55,1,2,0,0,498953.53,1
2023-07-01,Sales,1027918.85,766982.37,94483.87,75396.62,91055.99,107,107,1,7,0,0,924483.47,1
2023-07-01,Unknown / Legacy Operations,168603.5,124539.62,14663.99,12238.06,17161.83,15,15,0,1,0,0,142116.79,1
2023-08-01,Customer Success,836888.6,617890.77,75685.98,62248.42,81063.43,75,75,0,2,0,0,747331.95,1
2023-08-01,Engineering,1692720.16,1260463.42,161124.76,122244.06,148887.92,178,178,2,5,0,0,1503587.17,1
2023-08-01,Finance & HR,222338.33,167555.2,19867.17,16850.37,18065.59,23,23,0,1,0,0,193575.87,1
2023-08-01,General & Administrative,274583.79,207803.67,27700.61,19989.56,19089.95,34,34,1,1,0,0,240382.3,1
2023-08-01,Marketing,326585.75,243035.3,27910.37,25253.37,30386.71,32,32,0,1,0,0,302843.99,1
2023-08-01,Product,558633.97,416875.96,52577.33,41963.83,47216.85,55,55,1,2,0,0,498953.53,1
2023-08-01,Sales,1023119.43,763503.71,94035.56,75014.76,90565.4,108,108,1,7,0,0,930280.17,1
2023-08-01,Unknown / Legacy Operations,167000.14,123342.07,14554.28,12097.58,17006.21,15,15,0,1,0,0,142116.79,1
2023-09-01,Customer Success,879058.54,650026.01,79510.67,65457.39,84064.47,80,80,0,2,0,0,791392.7,1
2023-09-01,Engineering,1703253.27,1268834.55,161311.67,123341.88,149765.17,179,179,3,5,0,0,1517937.32,1
2023-09-01,Finance & HR,222041.47,167367.17,19807.53,16835.45,18031.32,23,23,0,1,0,0,193575.87,1
2023-09-01,General & Administrative,273695.17,207168.83,27558.34,19930.53,19037.47,34,34,1,1,0,0,240382.3,1
2023-09-01,Marketing,326114.98,242729.56,27812.06,25232.69,30340.67,32,32,0,1,0,0,302843.99,1
2023-09-01,Product,563134.04,420537.4,52966.69,42246.25,47383.7,56,56,1,2,0,0,503744.64,1
2023-09-01,Sales,1046272.55,781662.47,96186.98,76639.06,91784.04,112,112,1,7,0,0,953715.27,1
2023-09-01,Unknown / Legacy Operations,166924.29,123290.86,14528.85,12095.49,17009.09,15,15,0,1,0,0,142116.79,1
2023-10-01,Customer Success,888793.21,657479.94,80392.16,66186.12,84734.99,81,81,0,2,0,0,796364.28,1
2023-10-01,Engineering,1722838.55,1283644.44,162978.44,124782.62,151433.05,180,180,3,5,0,0,1525291.95,1
2023-10-01,Finance & HR,223424.67,168423.08,19888.71,16962.07,18150.81,23,23,0,1,0,0,193575.87,1
2023-10-01,General & Administrative,274926.29,208134.31,27639.36,20042.87,19109.75,34,34,1,1,0,0,240382.3,1
2023-10-01,Marketing,328824.26,244788.28,27985.88,25471.23,30578.87,32,32,0,1,0,0,302843.99,1
2023-10-01,Product,575309.55,429425.39,54402.42,43179.51,48302.23,57,57,1,2,0,0,511193.3,1
2023-10-01,Sales,1070346.13,800246.71,97673.28,78835.25,93590.89,114,114,1,7,0,0,970694.66,1
2023-10-01,Unknown / Legacy Operations,167917.52,124036.93,14588.12,12183.92,17108.55,15,15,0,1,0,0,142116.79,1
2023-11-01,Customer Success,915051.16,675105.53,83810.53,67953.97,88181.13,82,82,0,2,0,0,815437.28,1
2023-11-01,Engineering,1750242.46,1304698.79,164879.15,127264.42,153400.1,183,183,3,5,0,0,1548652.2,1
2023-11-01,Finance & HR,223888.62,168748.75,19947.08,16995.54,18197.25,23,23,0,1,0,0,193575.87,1
2023-11-01,General & Administrative,284187.03,215137.41,28635.19,20615.9,19798.53,35,35,1,1,0,0,246797.59,1
2023-11-01,Marketing,329481.72,245251,28067.49,25519.8,30643.43,32,32,0,1,0,0,302843.99,1
2023-11-01,Product,590310.25,440869.35,55414.92,44530.51,49495.47,58,58,1,2,0,0,524159.26,1
2023-11-01,Sales,1093118.94,817900.04,99721.75,80633.1,94864.05,117,117,1,8,0,0,994113.44,1
2023-11-01,Unknown / Legacy Operations,180538.07,133605.87,15913.92,12953.18,18065.1,16,16,0,1,0,0,151532.22,1
2023-12-01,Customer Success,920036.89,678841.35,84557.02,68142.33,88496.19,83,83,0,2,0,0,821996.81,1
2023-12-01,Engineering,1754619.54,1307627.26,166102.87,127471.26,153418.15,185,185,3,5,0,0,1557745.64,1
2023-12-01,Finance & HR,223009.22,168063.25,19911.01,16910.5,18124.46,23,23,0,1,0,0,193575.87,1
2023-12-01,General & Administrative,283603.11,214657.48,28625.68,20555.7,19764.25,35,35,1,1,0,0,246797.59,1
2023-12-01,Marketing,327640.11,243833.1,27969.48,25352.78,30484.75,32,32,0,1,0,0,302843.99,1
2023-12-01,Product,608260.87,454675.6,56525.94,46182.85,50876.48,60,60,1,2,0,0,543994.14,1
2023-12-01,Sales,1093022.6,817672.55,100146.11,80552.21,94651.73,118,118,1,8,0,0,998356.47,1
2023-12-01,Unknown / Legacy Operations,179846.46,133083.87,15879.65,12890.22,17992.72,16,16,0,1,0,0,151532.22,1
2024-01-01,Customer Success,928700.7,684549.96,84170.09,69210.93,90769.72,83,83,0,1,0,0,834546.84,1
2024-01-01,Engineering,1768121.65,1318213.48,167973.46,128046.14,153888.57,189,189,3,5,0,0,1588013.98,1
2024-01-01,Finance & HR,221006.39,166557.89,19767.73,16734.59,17946.18,23,23,0,1,0,0,193575.87,1
2024-01-01,General & Administrative,281618.91,213134.17,28455.25,20381.26,19648.23,35,35,1,1,0,0,246797.59,1
2024-01-01,Marketing,355673.6,264904.53,30948.13,27284.07,32536.87,36,36,1,1,0,0,335119.23,1
2024-01-01,Product,609172.81,455636.54,56487.39,46315.28,50733.6,61,61,1,2,0,0,550939.02,1
2024-01-01,Sales,1093383.07,817840.47,100572.11,80277.34,94693.15,120,120,1,8,0,0,1007338.72,1
2024-01-01,Unknown / Legacy Operations,184099.72,136093.73,16569.63,13173.57,18262.79,17,17,0,1,0,0,156252.25,1
2024-02-01,Customer Success,950296.91,700451.34,85996.64,70651.11,93197.82,85,85,0,1,0,0,853900.85,1
2024-02-01,Engineering,1779364.12,1326595.82,169546.27,128639.56,154582.47,191,191,3,5,0,0,1604645.49,1
2024-02-01,Finance & HR,249153.11,186946.12,22299.72,18535.46,21371.81,25,25,0,1,0,0,215765.97,1
2024-02-01,General & Administrative,280867.8,212579.72,28362,20321.7,19604.38,35,35,1,1,0,0,246797.59,1
2024-02-01,Marketing,375304.71,278960.37,31993.01,28970.51,35380.82,37,37,1,1,0,0,354241.9,1
2024-02-01,Product,614003.23,459301.33,57127.32,46520.44,51054.14,62,62,1,2,0,0,559414.76,1
2024-02-01,Sales,1116338.89,835484.81,102293.4,82098.88,96461.8,122,122,1,8,0,0,1029881.38,1
2024-02-01,Unknown / Legacy Operations,183770.13,135852.95,16535.3,13146.86,18235.02,17,17,0,1,0,0,156252.25,1
2024-03-01,Customer Success,952974.53,702581.28,86459.97,70725.76,93207.52,86,86,0,1,0,0,858399.25,1
2024-03-01,Engineering,1790356.61,1334324.59,172608.49,128982.26,154441.27,194,194,3,4,0,0,1615644.15,1
2024-03-01,Finance & HR,248393.29,186359.22,22260.58,18464.03,21309.46,25,25,0,1,0,0,215765.97,1
2024-03-01,General & Administrative,280335.41,212153.41,28339.38,20269.42,19573.2,35,35,1,1,0,0,246797.59,1
2024-03-01,Marketing,389576.34,289994.56,33266.78,30019.11,36295.89,39,39,1,1,0,0,368236.45,1
2024-03-01,Product,612065,457799.04,57031.73,46338.59,50895.64,62,62,1,2,0,0,559414.76,1
2024-03-01,Sales,1126993.45,843621.66,103326.44,82818.75,97226.6,124,124,1,8,0,0,1042290.21,1
2024-03-01,Unknown / Legacy Operations,183257.15,135466.67,16508.87,13100.15,18181.46,17,17,0,1,0,0,156252.25,1
2024-04-01,Customer Success,957871.62,706227.09,87110.63,70973.84,93560.06,87,87,0,1,0,0,863322.35,1
2024-04-01,Engineering,1805174.45,1345948.85,174335.86,129976.84,154912.9,197,197,4,4,0,0,1634410.75,1
2024-04-01,Finance & HR,248093.76,186110.53,22263.51,18430.49,21289.23,25,25,0,1,0,0,215765.97,1
2024-04-01,General & Administrative,280262.54,212069.9,28366.72,20257.33,19568.59,35,35,1,1,0,0,246797.59,1
2024-04-01,Marketing,394853.32,293977.54,33876.92,30311.69,36687.17,40,40,1,1,0,0,373165.16,1
2024-04-01,Product,629075.17,470952.75,58379.19,47735.65,52007.58,64,64,1,2,0,0,576309.84,1
2024-04-01,Sales,1153238.03,862652.94,106253.66,84237.18,100094.25,127,127,1,8,0,0,1067501.27,1
2024-04-01,Unknown / Legacy Operations,182999.76,135267.43,16504.15,13075.62,18152.56,17,17,0,1,0,0,156252.25,1
2024-05-01,Customer Success,968419.2,713948.33,88626.23,71749.92,94094.72,89,89,0,1,0,0,873096.11,1
2024-05-01,Engineering,1861811.05,1388411.85,179945.66,133536.51,159917.03,203,203,4,5,0,0,1682087.56,1
2024-05-01,Finance & HR,266835.91,199327.77,24085.27,19486.32,23936.55,26,26,0,1,0,0,229047.76,1
2024-05-01,General & Administrative,290098.27,219536.84,29390.86,20852.49,20318.08,36,36,1,1,0,0,254409.37,1
2024-05-01,Marketing,413798.14,308452.95,35867.86,31468.13,38009.2,42,42,1,1,0,0,387855.92,1
2024-05-01,Product,658172.45,493533.6,60386.23,50250.05,54002.57,68,68,1,3,0,0,605111.19,1
2024-05-01,Sales,1165286.28,871825.05,107498.03,84967.6,100995.6,128,128,1,8,0,0,1077324.96,1
2024-05-01,Unknown / Legacy Operations,182931.52,135217.06,16495.51,13070.72,18148.23,17,17,0,1,0,0,156252.25,1
2024-06-01,Customer Success,971268.69,716304.06,88809.73,72025.32,94129.58,90,90,0,1,0,0,878975.67,1
2024-06-01,Engineering,1900109.59,1416464.97,183111.05,136711.16,163822.41,207,207,4,5,0,0,1722253.63,1
2024-06-01,Finance & HR,266119.16,198781.16,24040.87,19421.17,23875.96,26,26,0,1,0,0,229047.76,1
2024-06-01,General & Administrative,294775.03,222935.67,30102.26,21182.91,20554.19,37,37,1,1,0,0,258957.43,1
2024-06-01,Marketing,423024.1,315255.76,37216.12,31999.82,38552.4,44,44,1,1,0,0,399343.8,1
2024-06-01,Product,667815.96,500843.41,61488.84,50769.83,54713.88,69,69,1,3,0,0,613947.37,1
2024-06-01,Sales,1198529.78,895651.05,110964.18,87104.78,104809.77,131,131,1,8,0,0,1106166.24,1
2024-06-01,Unknown / Legacy Operations,182475.12,134875.82,16468.88,13029.43,18100.99,17,17,0,1,0,0,156252.25,1
2024-07-01,Customer Success,983256.86,725409.24,89991.79,73031.27,94824.56,92,92,0,1,0,0,892739.74,1
2024-07-01,Engineering,1907039.11,1421789.45,183658.14,137312.78,164278.74,208,208,4,5,0,0,1732311.6,1
2024-07-01,Finance & HR,289978.79,217049.17,25929.47,21298.55,25701.6,28,28,1,2,0,0,251549.87,1
2024-07-01,General & Administrative,313200.28,236095.77,31132.12,22757.36,23215.03,38,38,1,1,0,0,276993.84,1
2024-07-01,Marketing,421939.77,314421.08,37178.84,31891.7,38448.15,44,44,1,1,0,0,399343.8,1
2024-07-01,Product,666374.66,499705.05,61449.21,50622.43,54597.97,69,69,1,3,0,0,613947.37,1
2024-07-01,Sales,1188276.91,887920.75,109888.67,86452.69,104014.8,130,130,1,7,0,0,1095874.14,1
2024-07-01,Unknown / Legacy Operations,182101.28,134593.74,16454.08,12994.19,18059.27,17,17,0,1,0,0,156252.25,1
2024-08-01,Customer Success,990990.97,731153.7,90556.51,73694.33,95586.43,92,92,0,1,0,0,892739.74,1
2024-08-01,Engineering,1969434.81,1468490.85,189307.78,142157.29,169478.89,214,214,4,6,0,0,1776159.89,1
2024-08-01,Finance & HR,291871.71,218483.58,26057.65,21467.56,25862.92,28,28,1,2,0,0,251549.87,1
2024-08-01,General & Administrative,315107.02,237548.1,31285.6,22923.52,23349.8,38,38,1,1,0,0,276993.84,1
2024-08-01,Marketing,425508.28,317102.31,37427.11,32202.48,38776.38,44,44,1,1,0,0,399343.8,1
2024-08-01,Product,682878.06,512199.56,63009.96,51766.37,55902.17,70,70,1,3,0,0,622402.11,1
2024-08-01,Sales,1230584.85,918868.45,113534.84,89380.08,108801.48,132,132,1,7,0,0,1122481.62,1
2024-08-01,Unknown / Legacy Operations,186956.13,138371.71,17031.08,13297.75,18255.59,18,18,0,1,0,0,161321.63,1
2024-09-01,Customer Success,1060207.47,783006.98,94839.58,79718.79,102642.12,96,96,0,1,0,0,950119,1
2024-09-01,Engineering,1997520.37,1489706.92,191739.94,144240.34,171833.17,216,216,4,6,0,0,1789994,1
2024-09-01,Finance & HR,301634.6,226324.6,26660.39,22408,26241.61,29,29,1,2,0,0,259386.22,1
2024-09-01,General & Administrative,322993.65,243661.48,32037.76,23474.96,23819.45,39,39,1,1,0,0,281535.43,1
2024-09-01,Marketing,445009.96,333180.06,38731.11,34085.65,39013.14,46,46,1,1,0,0,415719.24,1
2024-09-01,Product,694777.4,521512.05,63731.12,52883.59,56650.64,71,71,1,3,0,0,628391.18,1
2024-09-01,Sales,1252582.18,935088.86,115820.22,91154.53,110518.57,133,133,1,7,0,0,1132829.15,1
2024-09-01,Unknown / Legacy Operations,188323.59,139396.59,17110.57,13420.79,18395.64,18,18,0,1,0,0,161321.63,1
2024-10-01,Customer Success,1085840.38,803706.66,95766.99,82316.42,104050.31,100,100,0,1,0,0,993679.48,1
2024-10-01,Engineering,2007395.21,1498505.53,191468.95,144682.81,172737.92,221,221,4,5,0,0,1822407.21,1
2024-10-01,Finance & HR,305337.02,229575.64,26723.08,22829.5,26208.8,30,30,1,2,0,0,266770.26,1
2024-10-01,General & Administrative,327873.74,247656.6,32435.28,23701.49,24080.37,41,41,1,1,0,0,289568.8,1
2024-10-01,Marketing,445157.51,333350.73,38681.92,33985.9,39138.96,47,47,1,2,0,0,420206.09,1
2024-10-01,Product,711540.92,533484.53,65582.78,53490.63,58982.98,73,73,1,3,0,0,659169.54,1
2024-10-01,Sales,1256058.02,938210.4,115980.03,91121.23,110746.36,135,135,1,7,0,0,1147254.09,1
2024-10-01,Unknown / Legacy Operations,191623.13,142182.39,17206.96,13775.16,18458.62,19,19,0,1,0,0,166835.07,1
2024-11-01,Customer Success,1105922.53,818309.05,97488.26,83962.24,106162.98,103,103,0,2,0,0,1025810.83,1
2024-11-01,Engineering,1996510.34,1490721.54,189955.84,143889.93,171943.03,222,222,4,6,0,0,1833772.59,1
2024-11-01,Finance & HR,322396.96,242556.6,28079.13,24325.96,27435.27,32,32,1,2,0,0,286037.28,1
2024-11-01,General & Administrative,363886.16,273908.57,34621.61,26549.65,28806.33,43,43,1,1,0,0,325458.86,1
2024-11-01,Marketing,449644.62,336628.36,39323.31,34309.95,39383,48,48,1,2,0,0,428249.79,1
2024-11-01,Product,709037.92,531870.24,65271.48,53324.46,58571.74,74,74,1,3,0,0,665461.63,1
2024-11-01,Sales,1245481.9,930651.03,114509.3,90355.41,109966.16,135,135,1,7,0,0,1147254.09,1
2024-11-01,Unknown / Legacy Operations,190320,141242.79,17024.81,13680.45,18371.95,19,19,0,1,0,0,166835.07,1
2024-12-01,Customer Success,1121661.15,830364.4,98699.54,85362.85,107234.36,105,105,0,2,0,0,1045981.51,1
2024-12-01,Engineering,2024633.26,1510423.63,192521.38,145356.81,176331.44,224,224,4,6,0,0,1858318.45,1
2024-12-01,Finance & HR,341832.65,256469.91,29096.75,26003.45,30262.54,33,33,1,2,0,0,305129.48,1
2024-12-01,General & Administrative,367469.12,276735.49,35101.46,26717.9,28914.27,44,44,1,1,0,0,331854.4,1
2024-12-01,Marketing,468887.01,351011.48,41550.55,35527.47,40797.51,50,50,1,2,0,0,445420.42,1
2024-12-01,Product,706350.08,529952.29,64950.45,53126.23,58321.11,74,74,1,3,0,0,665461.63,1
2024-12-01,Sales,1250758.74,934483.59,115193.87,90754.85,110326.43,136,136,1,6,0,0,1155881.71,1
2024-12-01,Unknown / Legacy Operations,189896.56,140932.04,16976.38,13647.67,18340.47,19,19,0,1,0,0,166835.07,1
2025-01-01,Customer Success,1151268.85,852313.21,100519.04,87823.05,110613.55,108,108,0,2,0,0,1079487.13,1
2025-01-01,Engineering,2033350.93,1517438.05,193641.73,145694.04,176577.11,226,226,4,6,0,0,1871072.29,1
2025-01-01,Finance & HR,340174.43,255226.97,28971.39,25859.4,30116.67,33,33,1,2,0,0,305129.48,1
2025-01-01,General & Administrative,375757.57,283165.68,35547.22,27494.76,29549.91,45,45,1,1,0,0,341883.97,1
2025-01-01,Marketing,493650.57,370104,43230.34,37650.63,42665.6,53,53,1,2,0,0,471541.05,1
2025-01-01,Product,702960.08,527432.07,64672.41,52829.7,58025.9,74,74,1,3,0,0,665461.63,1
2025-01-01,Sales,1256940.34,938947.15,116058.05,91183.07,110752.07,137,137,1,6,0,0,1166741.46,1
2025-01-01,Unknown / Legacy Operations,189189.8,140406.44,16924.09,13585.45,18273.82,19,19,0,1,0,0,166835.07,1
2025-02-01,Customer Success,1144009.7,846777.63,100209.86,87120.99,109901.22,108,108,0,2,0,0,1079487.13,1
2025-02-01,Engineering,2030021.78,1514728.89,194035.39,145211.72,176045.78,227,227,4,6,0,0,1875151.64,1
2025-02-01,Finance & HR,343034.15,257466.91,29402.64,25964.42,30200.18,34,34,1,2,0,0,309177.97,1
2025-02-01,General & Administrative,374102.19,281898.54,35483.27,27332.02,29388.36,45,45,1,1,0,0,341883.97,1
2025-02-01,Marketing,490665.67,367816.49,43112.91,37352.89,42383.38,53,53,1,2,0,0,471541.05,1
2025-02-01,Product,699449.93,524685.86,64547.29,52469.12,57747.66,74,74,1,3,0,0,665461.63,1
2025-02-01,Sales,1285976.46,961169.37,118378.14,93482.52,112946.43,141,141,1,6,0,0,1199594.72,1
2025-02-01,Unknown / Legacy Operations,188241.89,139692.63,16881.47,13495.41,18172.38,19,19,0,1,0,0,166835.07,1
2025-03-01,Customer Success,1158415.53,858382.81,101801.26,88399.94,109831.52,113,113,0,2,0,0,1113904.2,1
2025-03-01,Engineering,2011806.84,1501660.13,193067.91,144058.07,173020.73,229,229,4,5,0,0,1885043.4,1
2025-03-01,Finance & HR,357207.09,267375.22,30164.57,27152.74,32514.56,35,35,1,2,0,0,328186.58,1
2025-03-01,General & Administrative,375825.74,283296.88,35872.21,27319.38,29337.27,46,46,1,1,0,0,346416.71,1
2025-03-01,Marketing,516810.03,388025.52,45498.81,39234.13,44051.57,57,57,1,3,0,0,502290.04,1
2025-03-01,Product,702836.65,527336.7,64751.8,52791.39,57956.76,75,75,1,3,0,0,679074.84,1
2025-03-01,Sales,1346437.34,1003319.89,125672.54,96951.24,120493.67,148,148,1,6,0,0,1262819.18,1
2025-03-01,Unknown / Legacy Operations,161374.6,120368.75,15403.48,11177.14,14425.23,18,18,0,0,0,0,142281.41,1
2025-04-01,Customer Success,1192073.27,882637.47,104878.7,91107.84,113449.26,116,116,0,1,0,0,1154378.04,1
2025-04-01,Engineering,2029421.85,1514082.95,194227.97,145372.67,175738.26,231,231,4,5,0,0,1908776.79,1
2025-04-01,Finance & HR,355423.64,266027.41,30053.59,26992.35,32350.29,35,35,1,2,0,0,328186.58,1
2025-04-01,General & Administrative,393889.36,297249.69,36923.09,28997.49,30719.09,48,48,1,1,0,0,367544.2,1
2025-04-01,Marketing,514105.83,385977.64,45320.09,38994.79,43813.31,57,57,1,3,0,0,502290.04,1
2025-04-01,Product,693488.65,520169.84,64166.47,51940.93,57211.41,74,74,1,2,0,0,672641.36,1
2025-04-01,Sales,1368106.45,1020116.12,126895.13,98984.71,122110.49,150,150,1,6,0,0,1292311.68,1
2025-04-01,Unknown / Legacy Operations,160885.51,119991.89,15369.39,11133.24,14390.99,18,18,0,0,0,0,142281.41,1
2025-05-01,Customer Success,1202478.39,890798.85,105224.81,92136.1,114318.63,117,117,0,1,0,0,1161618.03,1
2025-05-01,Engineering,2097276.32,1563982.82,199183.94,151174.3,182935.26,236,236,4,6,0,0,1974563.18,1
2025-05-01,Finance & HR,356972.05,267233.67,30104.1,27144.15,32490.13,35,35,1,2,0,0,328186.58,1
2025-05-01,General & Administrative,401787.46,303363.63,37316.01,29744.34,31363.48,49,49,1,1,0,0,375048.02,1
2025-05-01,Marketing,521539.32,391588.76,45666.71,39683.5,44600.35,58,58,1,3,0,0,507938.87,1
2025-05-01,Product,707990.83,531312.77,65465.51,52914.96,58297.59,75,75,1,2,0,0,682416.06,1
2025-05-01,Sales,1397961.98,1041809.24,128320.54,101631.41,126200.79,151,151,1,6,0,0,1318682.37,1
2025-05-01,Unknown / Legacy Operations,161146.04,120207.02,15363.97,11163.01,14412.04,18,18,0,0,0,0,142281.41,1
2025-06-01,Customer Success,1223739.7,906942.31,107171.02,93652.98,115973.39,119,119,0,1,0,0,1176507.04,1
2025-06-01,Engineering,2159564.85,1609204.79,205693.95,155289.35,189376.76,242,242,4,7,0,0,2024138.54,1
2025-06-01,Finance & HR,358425.35,268371.02,30144.95,27288.42,32620.96,35,35,1,2,0,0,328186.58,1
2025-06-01,General & Administrative,408267.97,308247.41,38000.66,30134.38,31885.52,50,50,1,1,0,0,382208.65,1
2025-06-01,Marketing,547803.13,410080.01,48930.85,41487.05,47305.22,61,61,1,4,0,0,533127.37,1
2025-06-01,Product,709384.24,532519.83,65390.09,53088.94,58385.38,75,75,1,2,0,0,682416.06,1
2025-06-01,Sales,1416326.45,1055363.31,129691.86,102913.29,128357.99,153,153,1,5,0,0,1336325.19,1
2025-06-01,Unknown / Legacy Operations,161374.73,120398.9,15354.92,11190.17,14430.74,18,18,0,0,0,0,142281.41,1
2025-07-01,Customer Success,1255385.2,931236.06,110700.82,95663.15,117785.17,124,124,0,2,0,0,1203914.75,1
2025-07-01,Engineering,2181844.04,1624907.81,208326.32,156976.83,191633.08,245,245,4,5,0,0,2048843.36,1
2025-07-01,Finance & HR,358644.99,268552.99,30138.32,27313.72,32639.96,35,35,1,2,0,0,328186.58,1
2025-07-01,General & Administrative,423426.1,319591.78,39408.26,31398.85,33027.21,52,52,1,1,0,0,397835.03,1
2025-07-01,Marketing,561988.85,420876.86,50375.78,42359.51,48376.7,62,62,1,4,0,0,543469.56,1
2025-07-01,Product,709851.57,532920.05,65385.46,53128.94,58417.12,75,75,1,2,0,0,682416.06,1
2025-07-01,Sales,1417928.65,1056596.36,129773.08,103028.69,128530.52,153,153,1,5,0,0,1336325.19,1
2025-07-01,Unknown / Legacy Operations,171763.4,128419.45,15963.48,12151.5,15228.97,19,19,0,0,0,0,153167.1,1
2025-08-01,Customer Success,1275957.48,946948.03,112749.88,97178.6,119080.97,127,127,0,3,0,0,1231414.12,1
2025-08-01,Engineering,2244238.97,1672164.01,213289.89,161639.56,197145.51,253,253,4,5,0,0,2111218.6,1
2025-08-01,Finance & HR,357899.32,268009.02,30067.07,27253.45,32569.78,35,35,1,2,0,0,328186.58,1
2025-08-01,General & Administrative,429577.94,323980.29,40296.19,31831.15,33470.31,53,53,1,1,0,0,405313.54,1
2025-08-01,Marketing,560631.19,419896.81,50234.06,42250.66,48249.66,62,62,1,4,0,0,543469.56,1
2025-08-01,Product,708020.63,531600.8,65186.05,52984.38,58249.4,75,75,1,2,0,0,682416.06,1
2025-08-01,Sales,1426180.32,1062937.03,130636.99,103470.2,129136.1,154,154,1,5,0,0,1344712.77,1
2025-08-01,Unknown / Legacy Operations,171482.3,128211.23,15933.6,12128.46,15209.01,19,19,0,0,0,0,153167.1,1
2025-09-01,Customer Success,1283478.58,951767.42,113799.09,97229.88,120682.19,128,128,0,3,0,0,1245265.4,1
2025-09-01,Engineering,2288889.22,1704792.18,217117.72,165151.3,201828.02,259,259,4,5,0,0,2175656.41,1
2025-09-01,Finance & HR,344503.24,257734.26,29255.76,26024.72,31488.5,34,34,1,1,0,0,317190.91,1
2025-09-01,General & Administrative,439625.56,331612.9,41449.98,32350.04,34212.64,54,54,1,1,0,0,415450.43,1
2025-09-01,Marketing,549593.56,411726.99,49273.89,41458.43,47134.25,61,61,1,3,0,0,538982.71,1
2025-09-01,Product,716586.44,538229.55,66288.23,53349.69,58718.97,77,77,1,2,0,0,693499.91,1
2025-09-01,Sales,1490544.57,1110492.54,136582.98,107650.74,135818.31,160,160,1,5,0,0,1409562.38,1
2025-09-01,Unknown / Legacy Operations,170453.02,127422.02,15860.97,12035.63,15134.4,19,19,0,0,0,0,153167.1,1
2025-10-01,Customer Success,1271556.95,942739.14,113169.9,96122.7,119525.21,128,128,0,3,0,0,1245265.4,1
2025-10-01,Engineering,2324824.67,1731845.27,222531.41,166928.6,203519.39,266,266,4,6,0,0,2224092.65,1
2025-10-01,Finance & HR,382048.98,285004.36,32589.47,28487.42,35967.73,37,37,1,1,0,0,351075.56,1
2025-10-01,General & Administrative,441900.54,333483.17,41875.93,32395.47,34145.97,55,55,1,1,0,0,419741.97,1
2025-10-01,Marketing,557390.02,416483.85,50674.33,41845.44,48386.4,62,62,1,3,0,0,551442.45,1
2025-10-01,Product,710968.72,533898.28,65997.06,52813.08,58260.3,77,77,1,2,0,0,693499.91,1
2025-10-01,Sales,1495975.46,1112723,137650.49,107518.7,138083.27,160,160,1,3,0,0,1421366.77,1
2025-10-01,Unknown / Legacy Operations,169402.2,126607.74,15804.35,11935.52,15054.59,19,19,0,0,0,0,153167.1,1
2025-11-01,Customer Success,1285806.74,953393.38,115119.76,96843.51,120450.09,130,130,0,4,0,0,1257219.41,1
2025-11-01,Engineering,2345919.77,1748072.8,225252.63,168234.62,204359.72,270,270,4,6,0,0,2242074.45,1
2025-11-01,Finance & HR,380874.17,284071.7,32570.54,28366.66,35865.27,37,37,1,1,0,0,351075.56,1
2025-11-01,General & Administrative,454381.77,342900.62,43313.03,33115.73,35052.39,56,56,1,1,0,0,429370.85,1
2025-11-01,Marketing,556895.91,415986.1,50807.73,41748.75,48353.33,62,62,1,3,0,0,551442.45,1
2025-11-01,Product,720568.19,540438.63,67585.95,53427.88,59115.73,78,78,1,1,0,0,703977.35,1
2025-11-01,Sales,1544270.41,1148467.53,141585.39,111170.89,143046.6,164,164,1,3,0,0,1468735.91,1
2025-11-01,Unknown / Legacy Operations,169206.21,126440.14,15821.61,11909.06,15035.4,19,19,0,0,0,0,153167.1,1
2025-12-01,Customer Success,1304832.07,967437.22,117220.65,98099.76,122074.44,131,131,0,4,0,0,1268204.57,1
2025-12-01,Engineering,2361462.36,1760044.31,226470.6,169318.54,205628.91,270,270,4,5,0,0,2238565.56,1
2025-12-01,Finance & HR,372572.74,277740.54,31651.64,27912.16,35268.4,36,36,1,0,0,0,343246.44,1
2025-12-01,General & Administrative,457226.99,345025.39,43599.53,33341.81,35260.26,56,56,1,1,0,0,429370.85,1
2025-12-01,Marketing,579065.63,431685.38,53450.01,43259.43,50670.81,64,64,1,3,0,0,567544.57,1
2025-12-01,Product,725998.14,544426.18,68127.83,53846.93,59597.2,78,78,1,1,0,0,703977.35,1
2025-12-01,Sales,1561989.61,1161802.7,142994.74,112655.46,144536.71,165,165,1,3,0,0,1477211.96,1
2025-12-01,Unknown / Legacy Operations,170030.1,127064.86,15900.66,11976.02,15088.56,19,19,0,0,0,0,153167.1,1
2026-01-01,Customer Success,1321771.36,980358.75,118574.7,99445.1,123392.81,132,132,0,4,0,0,1272444.48,1
2026-01-01,Engineering,2394732.81,1785841.64,228898.43,172179.06,207813.68,273,273,4,5,0,0,2255602.99,1
2026-01-01,Finance & HR,375598.62,280034.53,31835.11,28186.1,35542.88,36,36,1,0,0,0,343246.44,1
2026-01-01,General & Administrative,460343.74,347395.55,43811.63,33616.18,35520.38,56,56,1,1,0,0,429370.85,1
2026-01-01,Marketing,590843.52,440522.44,54655.88,44045.97,51619.23,65,65,1,3,0,0,575790.07,1
2026-01-01,Product,731780.17,548817.39,68527.73,54351.09,60083.96,78,78,1,1,0,0,703977.35,1
2026-01-01,Sales,1570679.56,1169228.39,143539.38,113574.93,144336.86,166,166,1,3,0,0,1474597.29,1
2026-01-01,Unknown / Legacy Operations,171037.48,127843.42,15968.88,12066.29,15158.89,19,19,0,0,0,0,153167.1,1
2026-02-01,Customer Success,1320331.94,979407.93,118803.1,99138.96,122981.95,133,133,0,4,0,0,1277541.04,1
2026-02-01,Engineering,2401672.09,1791541.51,229558.62,172721.15,207850.81,276,276,4,5,0,0,2274101.01,1
2026-02-01,Finance & HR,373381.02,278347.37,31708.05,27983.31,35342.29,36,36,1,0,0,0,343246.44,1
2026-02-01,General & Administrative,463133.17,349372.11,44387.7,33784.32,35589.04,57,57,1,1,0,0,434474.56,1
2026-02-01,Marketing,587421.86,437915.76,54445.2,43741.59,51319.31,65,65,1,3,0,0,575790.07,1
2026-02-01,Product,737165.34,552874.41,69263.13,54563.25,60464.55,79,79,1,1,0,0,711047.94,1
2026-02-01,Sales,1562348.97,1162890.51,143020.61,112836.5,143601.35,166,166,1,3,0,0,1474597.29,1
2026-02-01,Unknown / Legacy Operations,170328.7,127293.37,15925.33,12001.45,15108.55,19,19,0,0,0,0,153167.1,1
2026-03-01,Customer Success,1305360.66,968372.62,117413.54,97978.63,121595.87,133,133,0,3,0,0,1274882.75,1
2026-03-01,Engineering,2409610.41,1798708.76,230325.16,173174.5,207401.99,281,281,4,6,0,0,2301719.41,1
2026-03-01,Finance & HR,370493.95,276190.58,31493.13,27732.92,35077.32,36,36,1,0,0,0,343246.44,1
2026-03-01,General & Administrative,474343.8,357913.2,45605.82,34384.37,36440.41,59,59,1,1,0,0,445751.23,1
2026-03-01,Marketing,586728.46,437439.13,54658.52,43653.28,50977.53,66,66,1,3,0,0,581143.64,1
2026-03-01,Product,730527.95,547959.2,68661.56,54022.54,59884.65,79,79,1,1,0,0,711047.94,1
2026-03-01,Sales,1552788.61,1155733.71,142891.35,111604.3,142559.25,167,167,1,2,0,0,1474997.26,1
2026-03-01,Unknown / Legacy Operations,169275.8,126492.78,15834.56,11911.92,15036.54,19,19,0,0,0,0,153167.1,1
2026-04-01,Customer Success,1313772.88,974662.96,118012.88,98730.16,122366.88,135,135,1,3,0,0,1287963.1,1
2026-04-01,Engineering,2424325.92,1809666.53,231508.55,174475.16,208675.68,284,284,4,6,0,0,2325342.65,1
2026-04-01,Finance & HR,370146.61,275963.43,31427.02,27713.88,35042.28,36,36,1,0,0,0,343246.44,1
2026-04-01,General & Administrative,473066.86,356989.21,45408.67,34299.5,36369.48,59,59,1,1,0,0,445751.23,1
2026-04-01,Marketing,568816.09,425401.81,52287.96,42464.94,48661.38,65,65,1,2,0,0,565638.06,1
2026-04-01,Product,745334.92,559359.63,69311.57,55439.45,61224.27,81,81,1,1,0,0,729779.98,1
2026-04-01,Sales,1553802.6,1156774.3,142953.76,111642.05,142432.49,168,168,1,2,0,0,1480793.73,1
2026-04-01,Unknown / Legacy Operations,169001.36,126294.74,15790.26,11894.67,15021.69,19,19,0,0,0,0,153167.1,1
2026-05-01,Customer Success,1307712.5,970100,117630.4,98196.65,121785.45,135,135,1,3,0,0,1287963.1,1
2026-05-01,Engineering,2430749.86,1814966.31,232163.41,174933.26,208686.88,286,286,4,6,0,0,2340493.59,1
2026-05-01,Finance & HR,368534.08,274738.83,31331.86,27567.19,34896.2,36,36,1,0,0,0,343246.44,1
2026-05-01,General & Administrative,471452.88,355759.28,45304.75,34155.92,36232.93,59,59,1,1,0,0,445751.23,1
2026-05-01,Marketing,558402.55,417348.54,51366.28,41723.52,47964.21,65,65,1,1,0,0,561390.86,1
2026-05-01,Product,747021.83,560772.68,69632.39,55466.07,61150.69,82,82,1,2,0,0,733587.98,1
2026-05-01,Sales,1569635.06,1168663.73,145069.96,112355.96,143545.41,170,170,1,2,0,0,1502291.79,1
2026-05-01,Unknown / Legacy Operations,168473.97,125886.34,15756.08,11846.96,14984.59,19,19,0,0,0,0,153167.1,1
2026-06-01,Customer Success,1287774.12,956397.04,115128.17,96921.63,119327.28,133,133,1,1,0,0,1264097.7,1
2026-06-01,Engineering,2456736.15,1834502.16,234856.13,176845.72,210532.14,288,288,4,6,0,0,2355052.36,1
2026-06-01,Finance & HR,369467.06,275404.2,31440.73,27637.23,34984.9,36,36,1,0,0,0,343246.44,1
2026-06-01,General & Administrative,473278.15,357093.12,45544.68,34291.79,36348.56,59,59,1,1,0,0,445751.23,1
2026-06-01,Marketing,560875.62,419102.99,51676.3,41901.9,48194.43,65,65,1,1,0,0,561390.86,1
2026-06-01,Product,750266.83,563073.08,70041.81,55700.44,61451.5,82,82,1,2,0,0,733587.98,1
2026-06-01,Sales,1588492.51,1182897.62,147257.72,113537.08,144800.09,172,172,1,2,0,0,1515232.84,1
2026-06-01,Unknown / Legacy Operations,168900.74,126198.87,15810.27,11879.04,15012.56,19,19,0,0,0,0,153167.1,1
2026-07-01,Customer Success,1295942.86,962309.22,115565.91,97807.58,120260.15,132,132,1,0,0,0,1257986.6,1
2026-07-01,Engineering,2500784.57,1867483.41,238597.23,180325.5,214378.43,289,289,4,5,0,0,2371525.4,1
2026-07-01,Finance & HR,383588.8,286212.38,32319.49,28925.48,36131.45,37,37,1,0,0,0,354341.22,1
2026-07-01,General & Administrative,486827.51,367341,46871.91,35227.14,37387.46,60,60,1,1,0,0,452528.07,1
2026-07-01,Marketing,577852.51,432010.64,52829.14,43417.78,49594.95,66,66,1,1,0,0,572426.7,1
2026-07-01,Product,764007.96,573615.51,71064.69,56924.23,62403.53,83,83,1,2,0,0,739393.36,1
2026-07-01,Sales,1617460.05,1204613.07,150061.8,115737.82,147047.36,174,174,1,2,0,0,1526831.52,1
2026-07-01,Unknown / Legacy Operations,170265.29,127239.8,15918.06,11998.53,15108.9,19,19,0,0,0,0,153167.1,1
2026-08-01,Customer Success,1310349.82,973177.5,116431.58,99094.08,121646.66,132,132,1,0,0,0,1257986.6,1
2026-08-01,Engineering,2562535.63,1913236.57,242791.18,185376.09,221131.79,292,292,4,4,0,0,2408668.85,1
2026-08-01,Finance & HR,391692.83,292433.76,33078.79,29520.56,36659.72,38,38,1,0,0,0,359321.71,1
2026-08-01,General & Administrative,490649.12,370256.93,47104.65,35572.09,37715.45,60,60,1,1,0,0,452528.07,1
2026-08-01,Marketing,584173.13,436818.22,53221.6,43981.75,50151.56,66,66,1,1,0,0,572426.7,1
2026-08-01,Product,776229.11,583137.27,72048.21,57903.98,63139.65,84,84,1,2,0,0,743162.49,1
2026-08-01,Sales,1659411.26,1236723.46,153882.08,118712.36,150093.36,177,177,1,2,0,0,1547910.32,1
2026-08-01,Unknown / Legacy Operations,180500.66,135138.93,16525.6,12944.72,15891.41,20,20,0,0,0,0,162782.59,1
2026-09-01,Customer Success,1340461.03,995386.14,118182.24,101741.18,125151.47,134,134,1,0,0,0,1286082.11,1
2026-09-01,Engineering,2567042.21,1916791.67,243081.86,185783.12,221385.56,292,292,4,2,0,0,2406659.48,1
2026-09-01,Finance & HR,405582.71,302970.82,34508.75,30381.34,37721.8,39,39,1,0,0,0,369379.52,1
2026-09-01,General & Administrative,491356.41,370792.17,47162.02,35630.94,37771.28,60,60,1,1,0,0,452528.07,1
2026-09-01,Marketing,577061.3,431413.16,52449.85,43573.99,49624.3,65,65,1,0,0,0,566109.23,1
2026-09-01,Product,771374.11,579332.86,71490.87,57630.24,62920.14,83,83,1,1,0,0,738295.4,1
2026-09-01,Sales,1660474.69,1237143.25,154341.66,118671.89,150317.89,177,177,1,1,0,0,1545609.32,1
2026-09-01,Unknown / Legacy Operations,180749.09,135330.44,16544.73,12966.04,15907.88,20,20,0,0,0,0,162782.59,1
2026-10-01,Customer Success,1361512.13,1010785.08,120267.7,102936.31,127523.04,137,137,1,0,0,0,1311605.47,1
2026-10-01,Engineering,2556478.27,1910453.36,243112.44,184694.67,218217.8,295,295,4,1,0,0,2407726.85,1
2026-10-01,Finance & HR,403393.94,301329.89,34354.26,30188.54,37521.25,39,39,1,0,0,0,369379.52,1
2026-10-01,General & Administrative,502055.08,377851.47,47641.45,36483.94,40078.22,60,60,1,0,0,0,464803.82,1
2026-10-01,Marketing,578237.41,432242.88,52839.79,43606.94,49547.8,66,66,1,0,0,0,570741.12,1
2026-10-01,Product,773045.17,580754.57,71787.18,57623.55,62879.87,84,84,1,1,0,0,742850.08,1
2026-10-01,Sales,1691202.49,1259272.53,156341.17,121053.17,154535.62,179,179,1,1,0,0,1581037.94,1
2026-10-01,Unknown / Legacy Operations,179999.12,134760.25,16489.48,12898.12,15851.27,20,20,0,0,0,0,162782.59,1
2026-11-01,Customer Success,1376399.93,1021834.85,121766.04,104138.69,128660.35,139,139,1,0,0,0,1325278.57,1
2026-11-01,Engineering,2588020.45,1933727.98,246802.15,186801.83,220688.49,299,299,4,1,0,0,2432939.27,1
2026-11-01,Finance & HR,403811.46,301650.1,34377.56,30226.53,37557.27,39,39,1,0,0,0,369379.52,1
2026-11-01,General & Administrative,502520.02,378205.93,47671.44,36522.46,40120.19,60,60,1,0,0,0,464803.82,1
2026-11-01,Marketing,588169.08,439669.48,54056.93,44147.76,50294.91,67,67,1,0,0,0,581664.78,1
2026-11-01,Product,773989.81,581476.25,71854.83,57699.33,62959.4,84,84,1,1,0,0,742850.08,1
2026-11-01,Sales,1703168.48,1268454.9,156665.26,122351.25,155697.07,180,180,1,0,0,0,1590444.05,1
2026-11-01,Unknown / Legacy Operations,185315.35,138821.84,17169.17,13187.63,16136.71,21,21,0,0,0,0,169124.13,1
2026-12-01,Customer Success,1391323.08,1032896.88,122978.46,105377.45,130070.29,139,139,1,0,0,0,1325278.57,1
2026-12-01,Engineering,2639726.66,1973195.82,251472.51,190787.68,224270.65,303,303,4,0,0,0,2460209.57,1
2026-12-01,Finance & HR,407306.73,304277.04,34624.98,30532.63,37872.08,39,39,1,0,0,0,369379.52,1
2026-12-01,General & Administrative,515202.7,387784.58,48918.89,37387.6,41111.63,61,61,1,0,0,0,471225.31,1
2026-12-01,Marketing,621997.23,465109.88,56778.63,47048.04,53060.68,71,71,1,0,0,0,610001.62,1
2026-12-01,Product,781657.83,587194.12,72504.87,58333.7,63625.14,84,84,1,0,0,0,742792.82,1
2026-12-01,Sales,1718117.29,1279614.81,157899.17,123576.06,157027.25,180,180,1,0,0,0,1590444.05,1
2026-12-01,Unknown / Legacy Operations,186712.61,139890.64,17283.94,13306.18,16231.85,21,21,0,0,0,0,169124.13,1
2027-01-01,Engineering,0,0,0,0,0,0,0,0,0,2,15651.793333333335,0,0
2027-01-01,Product,0,0,0,0,0,0,0,0,0,1,3536.3133333333335,0,0
2027-01-01,Sales,0,0,0,0,0,0,0,0,0,1,5772.074166666666,0,0
2027-02-01,Engineering,0,0,0,0,0,0,0,0,0,2,13067.946666666667,0,0
2027-02-01,Finance & HR,0,0,0,0,0,0,0,0,0,1,18618.412500000002,0,0
2027-02-01,Product,0,0,0,0,0,0,0,0,0,1,8811.376666666667,0,0
2027-03-01,Marketing,0,0,0,0,0,0,0,0,0,1,4701.379166666667,0,0
2027-03-01,Sales,0,0,0,0,0,0,0,0,0,2,18178.260000000002,0,0
2027-04-01,Engineering,0,0,0,0,0,0,0,0,0,1,4626.424166666667,0,0
2027-04-01,Product,0,0,0,0,0,0,0,0,0,1,6088.563333333333,0,0
2027-04-01,Sales,0,0,0,0,0,0,0,0,0,1,3449.370833333333,0,0
2027-05-01,Engineering,0,0,0,0,0,0,0,0,0,1,4812.7475,0,0
2027-05-01,General & Administrative,0,0,0,0,0,0,0,0,0,1,12506.845833333333,0,0
2027-05-01,Sales,0,0,0,0,0,0,0,0,0,1,3131.1758333333332,0,0
2027-06-01,Customer Success,0,0,0,0,0,0,0,0,0,1,4787.5575,0,0
2027-06-01,Engineering,0,0,0,0,0,0,0,0,0,4,16009.736666666668,0,0
2027-06-01,General & Administrative,0,0,0,0,0,0,0,0,0,1,10060.823333333334,0,0
2027-06-01,Marketing,0,0,0,0,0,0,0,0,0,1,4936.662499999999,0,0
2027-07-01,Customer Success,0,0,0,0,0,0,0,0,0,1,7177.565833333333,0,0
2027-07-01,Engineering,0,0,0,0,0,0,0,0,0,4,22252.92833333333,0,0
2027-07-01,Finance & HR,0,0,0,0,0,0,0,0,0,2,13880.658333333333,0,0
2027-08-01,Customer Success,0,0,0,0,0,0,0,0,0,1,11078.680833333334,0,0
2027-08-01,Engineering,0,0,0,0,0,0,0,0,0,3,28044.75083333333,0,0
2027-08-01,Sales,0,0,0,0,0,0,0,0,0,4,26423.706666666665,0,0
2027-09-01,Customer Success,0,0,0,0,0,0,0,0,0,2,25921.7575,0,0
2027-09-01,Finance & HR,0,0,0,0,0,0,0,0,0,1,5027.463333333333,0,0
2027-09-01,Product,0,0,0,0,0,0,0,0,0,3,19965.838333333333,0,0
2027-09-01,Sales,0,0,0,0,0,0,0,0,0,3,21565.089166666665,0,0
2027-10-01,Customer Success,0,0,0,0,0,0,0,0,0,2,12038.971666666666,0,0
2027-10-01,Engineering,0,0,0,0,0,0,0,0,0,3,22255.965,0,0
2027-10-01,Marketing,0,0,0,0,0,0,0,0,0,1,3429.315,0,0
2027-10-01,Product,0,0,0,0,0,0,0,0,0,1,15666.9125,0,0
2027-10-01,Sales,0,0,0,0,0,0,0,0,0,1,4296.269166666667,0,0
2027-11-01,Customer Success,0,0,0,0,0,0,0,0,0,1,7967.113333333334,0,0
2027-11-01,Engineering,0,0,0,0,0,0,0,0,0,3,18498.614166666666,0,0
2027-11-01,General & Administrative,0,0,0,0,0,0,0,0,0,1,12934.903333333334,0,0
2027-11-01,Marketing,0,0,0,0,0,0,0,0,0,1,5133.035,0,0
2027-11-01,Sales,0,0,0,0,0,0,0,0,0,5,31250.780000000002,0,0
2027-11-01,Unknown / Legacy Operations,0,0,0,0,0,0,0,0,0,1,5540.971666666667,0,1
2027-12-01,Customer Success,0,0,0,0,0,0,0,0,0,1,10403.9925,0,0
2027-12-01,Engineering,0,0,0,0,0,0,0,0,0,1,9495.951666666666,0,0
2027-12-01,Sales,0,0,0,0,0,0,0,0,0,2,23518.95666666667,0,0
