month_iso,region,customer_segment,billed_amount_gbp,allocated_amount_gbp,open_invoice_exposure_gbp,over_applied_cash_gbp,invoice_count,overdue_invoice_count,disputed_invoice_count,defective_invoice_count,over_allocated_invoice_count,customer_months
2023-01-01,Germany,Enterprise,1075149.6899999997,857871.5700000002,218222.75,8193.96,26,22,0,1,1,25
2023-01-01,Germany,Mid-Market,1016635.0900000001,793982.5700000001,223924.94999999998,6895.18,75,61,0,4,1,73
2023-01-01,Germany,SMB,766738.1399999999,505155.2499999999,261915.12000000002,2117.23,205,161,0,10,3,204
2023-01-01,Singapore,Enterprise,7799.17,7432.76,366.41,0,3,0,0,0,0,3
2023-01-01,Singapore,Mid-Market,69856.34,66920.09000000001,2936.25,0,24,21,0,2,0,24
2023-01-01,Singapore,SMB,103187.61,81536.48000000003,21726.38,1075.25,83,58,0,3,2,82
2023-01-01,United Kingdom,Enterprise,132374.22,127311.72,5062.5,0,5,4,0,0,0,5
2023-01-01,United Kingdom,Mid-Market,274967.4799999999,205148.61999999997,69818.85999999999,0,62,49,0,5,0,62
2023-01-01,United Kingdom,SMB,351665.42000000004,250050.62000000008,102276.53999999998,3871.7400000000002,196,157,0,14,4,194
2023-01-01,United States,Enterprise,138373.69,103339.17000000001,35034.52,0,9,7,0,2,0,9
2023-01-01,United States,Mid-Market,394247.9199999999,333110.0799999999,61137.84000000001,0,96,80,0,1,0,96
2023-01-01,United States,SMB,506903.64999999997,439323.33,70658.72000000002,22328.399999999998,335,254,0,8,8,333
2023-02-01,Germany,Enterprise,473065.75,424838.8,48226.95,0,20,19,0,1,0,20
2023-02-01,Germany,Mid-Market,780449.9399999998,776660.5399999999,9877.16,67078.09,74,63,0,3,4,74
2023-02-01,Germany,SMB,523580.07999999996,383621.12999999995,140311.83000000002,3928.83,203,155,0,3,5,202
2023-02-01,Singapore,Enterprise,7799.17,7799.17,0,0,3,1,0,0,0,3
2023-02-01,Singapore,Mid-Market,190628.39,172782.56000000003,19821.18,21084.6,28,23,0,1,1,28
2023-02-01,Singapore,SMB,126302.49,93853.73,32527.410000000003,578.65,82,72,0,2,1,82
2023-02-01,United Kingdom,Enterprise,95962.67,59696.61,36266.06,0,5,5,0,0,0,5
2023-02-01,United Kingdom,Mid-Market,259132.24999999997,223812.01999999996,36788.399999999994,14280.74,64,50,0,2,4,63
2023-02-01,United Kingdom,SMB,398784.95,333341.49000000005,66136.54,5061.08,194,152,0,7,6,194
2023-02-01,United States,Enterprise,75936.24999999999,70536.24999999999,5400,0,7,5,0,0,0,7
2023-02-01,United States,Mid-Market,339059.81,282666.54,58729.38999999999,32501.37,97,79,0,4,3,96
2023-02-01,United States,SMB,607713.0900000001,482845.8400000001,130036.43000000004,29444.18,354,278,0,9,6,353
2023-03-01,Germany,Enterprise,519728.81000000006,404862.73,116229.23,9455.97,20,18,0,1,1,20
2023-03-01,Germany,Mid-Market,984431.1900000001,844924.53,144840.5,32933.51,81,65,0,4,2,77
2023-03-01,Germany,SMB,467952.29999999993,346867.92999999993,122029.20000000001,5823.83,209,167,0,3,3,207
2023-03-01,Singapore,Enterprise,8867.92,8325.86,542.06,0,4,2,0,0,0,4
2023-03-01,Singapore,Mid-Market,75425.15,73038.91,2531.25,1603.01,23,21,0,0,1,23
2023-03-01,Singapore,SMB,156802.49,111913.26000000001,45090.82,1816.5900000000001,87,71,0,2,2,87
2023-03-01,United Kingdom,Enterprise,13911.76,13911.76,0,0,3,3,0,0,0,3
2023-03-01,United Kingdom,Mid-Market,340847.63,297467.24,43436.530000000006,825.64,64,57,0,4,1,63
2023-03-01,United Kingdom,SMB,365348.66000000003,287969.3200000001,77907.22000000002,3027.9399999999996,199,166,0,5,2,198
2023-03-01,United States,Enterprise,46033.69,30185.88,15847.81,0,7,4,0,0,0,7
2023-03-01,United States,Mid-Market,332019.79999999993,287794.0399999999,44225.76,0,97,77,0,7,0,97
2023-03-01,United States,SMB,591566.1699999999,464796.4100000001,127907.21000000002,6587.45,356,288,0,5,4,354
2023-04-01,Germany,Enterprise,419082.35000000003,280153.56,141179.25000000003,11621.71,20,15,0,0,1,20
2023-04-01,Germany,Mid-Market,1163434.6199999999,1052223.8900000001,112110.41999999998,5086.43,82,74,0,2,1,81
2023-04-01,Germany,SMB,530172.5,394487.18000000005,136795.37000000002,10273.05,214,165,0,3,3,213
2023-04-01,Singapore,Enterprise,92125.24,89557.32,2567.92,0,5,3,0,0,0,5
2023-04-01,Singapore,Mid-Market,82627.43000000001,81952.43000000001,675,0,24,19,0,1,0,24
2023-04-01,Singapore,SMB,97427.77,78601.06999999999,19226.61,2487.02,84,70,0,1,2,84
2023-04-01,United Kingdom,Enterprise,141689.3,141689.3,0,0,4,4,0,0,0,4
2023-04-01,United Kingdom,Mid-Market,192146.8,150212.27000000002,42511.299999999996,5967.31,59,43,0,1,3,59
2023-04-01,United Kingdom,SMB,380802.98,304553.9,76808.03999999998,3978.97,208,177,0,8,3,205
2023-04-01,United States,Enterprise,241007.53,241007.53,0,0,11,11,0,0,0,11
2023-04-01,United States,Mid-Market,442721.26,358737.73000000004,84602.84,5428.68,101,74,0,4,2,100
2023-04-01,United States,SMB,542919.6900000002,440340.3700000002,103909.05000000002,8329.73,362,290,0,10,6,361
2023-05-01,Germany,Enterprise,345401.27,199309.66,146091.61,0,21,17,0,1,0,21
2023-05-01,Germany,Mid-Market,982290.11,690251.3999999999,292791.50000000006,9329.47,79,63,0,1,3,79
2023-05-01,Germany,SMB,530860.9799999999,416349.83999999997,115365.81999999999,5079.179999999999,217,166,0,10,3,214
2023-05-01,Singapore,Enterprise,8867.92,8867.92,0,0,4,4,0,0,0,4
2023-05-01,Singapore,Mid-Market,64430.35000000001,55268.11,9162.24,0,25,17,0,1,0,24
2023-05-01,Singapore,SMB,115504.73000000001,102407.46,13137.539999999999,515.27,85,68,0,3,1,85
2023-05-01,United Kingdom,Enterprise,81003.91,81003.91,0,0,5,5,0,1,0,5
2023-05-01,United Kingdom,Mid-Market,241405.45999999996,192562.69,48842.76999999999,0,66,54,0,1,0,66
2023-05-01,United Kingdom,SMB,401761.76,357977.8,44516.03999999999,4980.08,216,180,0,3,3,213
2023-05-01,United States,Enterprise,130948.69,67498.68999999999,63450,0,9,8,0,0,0,9
2023-05-01,United States,Mid-Market,386511.85999999987,367350.3299999999,19590.41,2844.7799999999997,102,88,0,0,2,102
2023-05-01,United States,SMB,551813.9000000001,461846.2299999999,95717.81999999999,36400.15,370,289,0,13,11,369
2023-06-01,Germany,Enterprise,901864.0599999999,700287.6300000001,202530.15,9856.41,26,20,0,1,1,25
2023-06-01,Germany,Mid-Market,1046031.4099999998,882732.9899999998,166762.52999999997,22364.59,85,70,0,2,5,84
2023-06-01,Germany,SMB,508665.5399999999,354607.70000000007,159504.64,30288.05,220,166,0,6,7,218
2023-06-01,Singapore,Enterprise,84299.2,84299.2,0,0,4,4,0,0,0,4
2023-06-01,Singapore,Mid-Market,87765.09999999999,86088.07999999999,1677.02,0,25,16,0,0,0,25
2023-06-01,Singapore,SMB,126738.74,110067.18999999999,17206.07,3824.52,92,74,0,3,4,91
2023-06-01,United Kingdom,Enterprise,78669.39,9129.46,69539.93,0,5,5,0,1,0,5
2023-06-01,United Kingdom,Mid-Market,398459.3799999999,382683.93999999994,15880.89,2049.45,74,58,0,0,1,74
2023-06-01,United Kingdom,SMB,343809.92000000004,283380.67,61677.01999999999,9683.77,216,171,0,2,6,216
2023-06-01,United States,Enterprise,224052.25,143558.41,80493.84,0,11,8,0,0,0,11
2023-06-01,United States,Mid-Market,486513.21999999986,450661.52999999985,35851.689999999995,0,108,85,0,3,0,105
2023-06-01,United States,SMB,600032.6500000001,495600.45,106443.71000000002,13166.509999999998,389,306,0,13,12,388
2023-07-01,Germany,Enterprise,597904.1300000001,564416.76,33487.37,0,26,19,0,1,0,25
2023-07-01,Germany,Mid-Market,874998.35,732918.54,144742.78,26567.69,82,68,0,3,2,82
2023-07-01,Germany,SMB,596471.26,526496.8300000001,70300.72999999998,2843.15,231,183,0,8,3,229
2023-07-01,Singapore,Enterprise,145454.2,145454.2,0,0,6,6,0,0,0,6
2023-07-01,Singapore,Mid-Market,61465.38,49560.1,11905.279999999999,0,26,21,0,1,0,26
2023-07-01,Singapore,SMB,118426.67,101768.32,16817.54,1834.19,92,82,0,1,2,92
2023-07-01,United Kingdom,Enterprise,63500.72,63500.72,0,0,5,3,0,0,0,5
2023-07-01,United Kingdom,Mid-Market,336600.51999999996,319181.33999999997,17419.18,0,73,60,0,0,0,73
2023-07-01,United Kingdom,SMB,367847.2900000001,314903.32000000007,53092.479999999996,1588.51,224,172,0,7,1,223
2023-07-01,United States,Enterprise,197501.88999999998,166364.55000000002,33815.64,53303.3,9,8,0,0,1,9
2023-07-01,United States,Mid-Market,412405.5399999999,333300.7899999999,79547.78,4467.71,114,92,0,5,2,112
2023-07-01,United States,SMB,465363.7700000001,369361.97,96543.79999999999,4316.83,385,297,0,7,5,384
2023-08-01,Germany,Enterprise,857558.33,844849.0099999999,12709.32,0,30,26,0,1,0,30
2023-08-01,Germany,Mid-Market,718401.3099999999,484296.1600000001,234502.98999999996,6044.68,78,64,0,3,2,78
2023-08-01,Germany,SMB,538082.4999999999,411876.92000000004,126716.67999999998,4765.36,230,189,0,5,3,228
2023-08-01,Singapore,Enterprise,51899.2,49331.28,2567.92,0,5,4,0,0,0,5
2023-08-01,Singapore,Mid-Market,72982.54000000001,60768.86000000001,12401.44,1645.76,25,21,0,0,1,25
2023-08-01,Singapore,SMB,130630.35,116125.62,14551.359999999997,546.63,95,78,0,3,1,95
2023-08-01,United Kingdom,Enterprise,133027.95,133027.95,0,0,7,4,0,0,0,7
2023-08-01,United Kingdom,Mid-Market,467818.9699999999,434364.37999999995,33954.34,3385.38,75,62,0,2,1,75
2023-08-01,United Kingdom,SMB,404985.68,365439.19999999995,46620.810000000005,38018.08,226,181,0,3,5,226
2023-08-01,United States,Enterprise,175228.68999999997,175936.54,3796.88,55129.73,11,10,0,1,1,11
2023-08-01,United States,Mid-Market,510878.37,456573.53,56046.380000000005,12642.789999999999,121,91,0,3,3,121
2023-08-01,United States,SMB,612034.48,509764.37000000005,104203.90000000001,17509.23,404,318,0,3,8,403
2023-09-01,Germany,Enterprise,862470.23,743462.36,119007.87,0,27,20,0,2,0,25
2023-09-01,Germany,Mid-Market,727699.9600000001,539250.9099999999,190809.65999999997,13847.08,78,61,0,3,3,78
2023-09-01,Germany,SMB,579792.0199999999,498265.1199999999,81989.47000000002,3675.57,237,193,0,8,4,233
2023-09-01,Singapore,Enterprise,16995.16,15344.3,1650.86,0,5,4,0,0,0,5
2023-09-01,Singapore,Mid-Market,109473.09999999999,101050.74,8422.36,0,25,18,0,0,0,25
2023-09-01,Singapore,SMB,88775.63,72017.08,16758.55,0,96,84,0,3,0,96
2023-09-01,United Kingdom,Enterprise,91850.86,90861.9,988.96,0,6,4,0,0,0,6
2023-09-01,United Kingdom,Mid-Market,234483.68,182458.91999999998,52130.67,1855.51,72,52,0,1,1,72
2023-09-01,United Kingdom,SMB,446068.78,383865.09,67371.91999999998,38880.24,233,191,0,7,7,231
2023-09-01,United States,Enterprise,295069.57,295069.57,0,0,9,7,0,0,0,9
2023-09-01,United States,Mid-Market,580542.98,407164.3999999999,173544.96999999994,841.39,125,103,0,2,1,124
2023-09-01,United States,SMB,576264.2500000001,467237.51,110019.41000000002,11017.67,412,337,0,7,5,409
2023-10-01,Germany,Enterprise,746590.14,735947.08,10643.06,0,27,23,0,0,0,27
2023-10-01,Germany,Mid-Market,973263.1199999996,744033.1099999998,229421.79000000004,3203.97,85,67,0,4,1,84
2023-10-01,Germany,SMB,569981.5799999997,480841.3099999999,89877.69,4991.67,243,200,0,3,3,242
2023-10-01,Singapore,Enterprise,24982.96,27507.04,0,18639.12,5,4,0,0,1,5
2023-10-01,Singapore,Mid-Market,176441.47,168932.11000000002,7509.36,0,29,27,0,0,0,29
2023-10-01,Singapore,SMB,112629.35,96513.39999999998,16311.130000000001,1695.1799999999998,99,85,0,1,3,99
2023-10-01,United Kingdom,Enterprise,191151.68,102173.87,88977.81,0,8,7,0,1,0,8
2023-10-01,United Kingdom,Mid-Market,269727.72,263581.47,6704.42,3312.17,73,52,0,2,2,72
2023-10-01,United Kingdom,SMB,361553.72000000003,287514.79999999993,74097.84999999999,653.93,228,186,0,4,1,226
2023-10-01,United States,Enterprise,61153.689999999995,61153.689999999995,0,0,8,6,0,0,0,8
2023-10-01,United States,Mid-Market,400147.12,383842.11999999994,20793.44,24464.12,125,89,0,1,2,125
2023-10-01,United States,SMB,667022.0000000001,569632.5900000001,99966.17000000003,14859.03,424,338,0,12,9,421
2023-11-01,Germany,Enterprise,229477.31000000003,204217.51,25259.800000000003,0,23,17,0,0,0,23
2023-11-01,Germany,Mid-Market,899016.7999999998,759751.1300000001,140189.69,8715.55,83,61,0,1,3,82
2023-11-01,Germany,SMB,494853.35999999987,409321.79999999993,87740.08999999998,15030.779999999999,250,193,0,7,5,246
2023-11-01,Singapore,Enterprise,59492.92,59552.95,0,1072.53,5,4,0,0,1,5
2023-11-01,Singapore,Mid-Market,97293.51000000001,76616.49,20677.02,0,29,24,0,1,0,29
2023-11-01,Singapore,SMB,146637.8,128117.15000000001,19124.770000000004,3679.12,106,84,0,2,2,105
2023-11-01,United Kingdom,Enterprise,121831.66,14900.72,106930.94,0,5,5,0,0,0,5
2023-11-01,United Kingdom,Mid-Market,325788.74000000005,309298.84,17103.100000000002,4636.51,78,57,0,1,2,77
2023-11-01,United Kingdom,SMB,432579.5700000001,378441.5600000002,55629.9,12451.890000000001,230,180,0,4,9,229
2023-11-01,United States,Enterprise,219383.05000000002,219383.05000000002,0,0,9,8,0,0,0,9
2023-11-01,United States,Mid-Market,288918.07999999996,228114.68999999997,61141.31,2632.92,123,97,0,3,2,121
2023-11-01,United States,SMB,527397.95,441880.37000000005,86919.27999999998,8577.49,419,334,0,12,8,417
2023-12-01,Germany,Enterprise,815156.64,785350.04,29806.600000000002,0,28,21,0,1,0,27
2023-12-01,Germany,Mid-Market,830824.07,638033.66,192790.41,0,84,71,0,3,0,84
2023-12-01,Germany,SMB,680885.1599999997,391977.6000000001,289410.02,3655.96,256,203,0,5,4,254
2023-12-01,Singapore,Enterprise,38535.63,38535.63,0,0,6,5,0,0,0,6
2023-12-01,Singapore,Mid-Market,188203.36000000002,182864.11000000002,5339.25,0,32,23,0,0,0,32
2023-12-01,Singapore,SMB,182943.08,148365.37,34680.93,603.22,108,95,0,5,1,108
2023-12-01,United Kingdom,Enterprise,188038.26,127288.26,60750,0,8,6,0,2,0,7
2023-12-01,United Kingdom,Mid-Market,356980.43,317535,42715.81999999999,32238.020000000004,77,65,0,5,4,77
2023-12-01,United Kingdom,SMB,351168.74,289090.12,63872.409999999996,12533.79,235,187,0,6,11,234
2023-12-01,United States,Enterprise,59904.96999999999,59663.55999999999,241.41,0,7,6,0,0,0,7
2023-12-01,United States,Mid-Market,572013.36,479943.2200000001,100557.63999999998,48737.79,135,101,0,4,7,134
2023-12-01,United States,SMB,578989.6600000001,466557.79,113381.88,8875.009999999998,441,352,0,11,9,437
2024-01-01,Germany,Enterprise,1138569.05,1023306.2900000003,115262.76,0,36,31,0,4,0,33
2024-01-01,Germany,Mid-Market,967746.1,766110.7,206897.78,65988.08,90,69,0,5,1,90
2024-01-01,Germany,SMB,813325.5299999996,737101.4799999997,78442.96,15993.49,257,203,0,4,9,254
2024-01-01,Singapore,Enterprise,10995.630000000001,10995.630000000001,0,0,5,4,0,0,0,5
2024-01-01,Singapore,Mid-Market,84476.98999999999,43492.53,40984.46,0,30,25,0,2,0,29
2024-01-01,Singapore,SMB,137859.04,113207.98000000001,25389.52,4813.46,109,87,0,4,4,107
2024-01-01,United Kingdom,Enterprise,133363.18,133363.18,0,0,6,6,0,0,0,6
2024-01-01,United Kingdom,Mid-Market,282581.3099999999,225574.17999999996,58000.340000000004,7851.73,76,59,0,2,3,75
2024-01-01,United Kingdom,SMB,427729.84,339631.48000000004,88396.33,2547.97,255,196,0,6,1,254
2024-01-01,United States,Enterprise,262371.37,259381.40999999995,2989.96,0,11,10,0,0,0,11
2024-01-01,United States,Mid-Market,623652.6900000001,519578.32,104177.14000000003,777.77,139,105,0,4,1,137
2024-01-01,United States,SMB,625026.7800000001,510041.8100000002,117135.91,20202.69,450,353,0,9,14,450
2024-02-01,Germany,Enterprise,826888.3800000002,325067.93000000005,501820.45000000007,0,31,25,0,1,0,30
2024-02-01,Germany,Mid-Market,1104687.5000000002,674325.72,430361.77999999997,0,94,79,0,6,0,93
2024-02-01,Germany,SMB,759044.8499999995,620008.5599999998,140296.55,10661.26,256,196,0,5,4,254
2024-02-01,Singapore,Enterprise,48106.829999999994,48106.829999999994,0,0,5,5,0,0,0,5
2024-02-01,Singapore,Mid-Market,180004.03,155186.87,24817.16,0,33,26,0,1,0,33
2024-02-01,Singapore,SMB,201275.1,142728.68000000002,58546.420000000006,0,110,91,0,2,0,110
2024-02-01,United Kingdom,Enterprise,105701.65000000001,101634.69,4066.96,0,7,4,0,1,0,6
2024-02-01,United Kingdom,Mid-Market,272091.81999999995,232693.65,46131.65,39538.41,80,71,0,4,1,78
2024-02-01,United Kingdom,SMB,521404.7,445667.98000000004,76512.97,7842.58,257,210,0,6,7,257
2024-02-01,United States,Enterprise,89436.25,89436.25,0,0,8,7,0,0,0,8
2024-02-01,United States,Mid-Market,403862.42000000004,363302.62000000005,40768.520000000004,2058.89,136,109,0,8,1,133
2024-02-01,United States,SMB,755209.8,641427.5200000001,114532.20000000001,8249.92,474,367,0,14,4,474
2024-03-01,Germany,Enterprise,581847.2400000001,386940.61000000004,194906.63,0,30,20,0,2,0,30
2024-03-01,Germany,Mid-Market,1179246.9699999995,1070497.43,109055.35999999999,3036.87,96,74,0,3,2,95
2024-03-01,Germany,SMB,652227.0599999999,490719.7899999999,163780.18,18422.710000000003,259,212,0,8,9,258
2024-03-01,Singapore,Enterprise,10995.630000000001,9983.130000000001,1012.5,0,5,3,0,0,0,5
2024-03-01,Singapore,Mid-Market,88999.54000000001,53749.49,35250.05,0,30,22,0,1,0,30
2024-03-01,Singapore,SMB,184453.21,166189.39,18904.72,3397.1499999999996,116,97,0,2,3,116
2024-03-01,United Kingdom,Enterprise,90230.72,91217.02,0,6757.56,5,3,0,0,1,5
2024-03-01,United Kingdom,Mid-Market,385323.73000000004,347954.73999999993,37569.939999999995,1699.4499999999998,79,64,0,4,2,79
2024-03-01,United Kingdom,SMB,512378.81000000006,451794.46,61248.14000000001,4743.79,259,200,0,8,4,259
2024-03-01,United States,Enterprise,190384.21,181419.49,8964.72,0,9,6,0,0,0,9
2024-03-01,United States,Mid-Market,486600.1199999998,443502.47999999986,43523.69,4260.05,136,109,0,4,3,136
2024-03-01,United States,SMB,718166.0800000001,506135.38999999996,212661.19000000003,6030.499999999999,473,384,0,17,8,471
2024-04-01,Germany,Enterprise,481200.78,352356.73000000004,129778.81,8900.32,29,23,0,0,1,29
2024-04-01,Germany,Mid-Market,1309172.3900000001,772374.1,541822.2799999999,41284.22,98,78,0,1,6,98
2024-04-01,Germany,SMB,714883.7599999999,573141.1499999999,143150.06,10881.55,271,222,0,4,7,270
2024-04-01,Singapore,Enterprise,107183.19,102964.44,4218.75,0,6,4,0,0,0,6
2024-04-01,Singapore,Mid-Market,147392.09999999998,126586.69000000002,20852.489999999998,722.08,33,26,0,1,1,33
2024-04-01,Singapore,SMB,138811.53000000003,115445.98000000003,23705.070000000003,1979.52,116,97,0,4,2,115
2024-04-01,United Kingdom,Enterprise,181047.2,181047.2,0,0,6,4,0,0,0,6
2024-04-01,United Kingdom,Mid-Market,222038.16,213212.72000000003,8825.439999999999,0,74,65,0,1,0,74
2024-04-01,United Kingdom,SMB,589090.4500000001,485558.48999999993,109817.31,47130.85,264,220,0,10,10,263
2024-04-01,United States,Enterprise,254542.53,142856.74,111685.79,0,12,10,0,1,0,12
2024-04-01,United States,Mid-Market,516125.22,421918.7099999999,99033.8,41761.99,139,112,0,4,4,139
2024-04-01,United States,SMB,726159.6000000001,600560.1800000003,127678.39999999998,18334.250000000004,483,399,0,11,19,482
2024-05-01,Germany,Enterprise,761621.5399999999,741286.25,32775.35,96006.76,34,29,0,2,1,33
2024-05-01,Germany,Mid-Market,1481016.5899999999,1227624.34,254466.40999999995,6415.77,101,79,0,2,1,101
2024-05-01,Germany,SMB,652262.3499999997,568069.2699999998,85238.76999999997,9612.49,264,195,0,3,6,263
2024-05-01,Singapore,Enterprise,9926.880000000001,9926.880000000001,0,0,5,5,0,1,0,5
2024-05-01,Singapore,Mid-Market,80151.93,63428.520000000004,16859.34,743.43,32,21,0,3,1,31
2024-05-01,Singapore,SMB,154419.63,121358.65999999997,33095.850000000006,534.88,117,101,0,1,1,117
2024-05-01,United Kingdom,Enterprise,116215.37,101635.37,14580,0,7,7,0,1,0,7
2024-05-01,United Kingdom,Mid-Market,318098.1499999999,291520.20999999996,26952.340000000004,2221.2,80,62,0,0,1,80
2024-05-01,United Kingdom,SMB,599089.1300000001,512543.65,86692.53,747.05,275,213,0,6,1,274
2024-05-01,United States,Enterprise,229667.53,234938.15,1160.02,57055.64,11,8,0,0,1,11
2024-05-01,United States,Mid-Market,574909.8799999999,545428.52,30571.519999999993,7151.66,145,110,0,4,5,145
2024-05-01,United States,SMB,680186.2600000001,565559.79,115810.62999999998,13284.159999999996,490,390,0,11,8,487
2024-06-01,Germany,Enterprise,926946.6500000001,876580.4000000001,52860.7,20768.39,35,28,0,1,2,35
2024-06-01,Germany,Mid-Market,1283173.4799999997,745493.0199999999,538425.6900000001,6367.98,102,86,0,7,1,101
2024-06-01,Germany,SMB,689717.8099999998,575986.9799999999,114253.8,4866.469999999999,269,210,0,6,2,267
2024-06-01,Singapore,Enterprise,86426.91,86632.91,0,2333.71,5,4,0,0,1,5
2024-06-01,Singapore,Mid-Market,117638.90000000001,114646.52,2992.38,0,32,23,0,0,0,32
2024-06-01,Singapore,SMB,177073.23,132582.18,44709.85,1918.7999999999997,124,97,0,6,2,123
2024-06-01,United Kingdom,Enterprise,91040.72,91040.72,0,0,5,5,0,0,0,5
2024-06-01,United Kingdom,Mid-Market,431459.5599999998,360189.6099999998,75915.78,27973.83,84,71,0,2,1,84
2024-06-01,United Kingdom,SMB,505423.9700000001,388994.1399999999,117303.50999999998,6363.68,273,222,0,8,5,271
2024-06-01,United States,Enterprise,431818.53,429274.56000000006,2543.9700000000003,0,13,11,0,1,0,13
2024-06-01,United States,Mid-Market,557494.21,436140.9699999999,121838.73999999998,3455.5,144,123,0,2,3,142
2024-06-01,United States,SMB,772867.0899999999,642870.2,134780.94999999998,38339.060000000005,499,396,0,15,15,497
2024-07-01,Germany,Enterprise,787779.1499999998,653528.58,134250.57,0,35,25,0,2,0,34
2024-07-01,Germany,Mid-Market,1135486.7300000002,844930.7200000002,299768.26,69937.95,97,76,0,2,1,97
2024-07-01,Germany,SMB,649919.9199999997,536874.2499999998,114819.2,11888.529999999999,279,226,0,4,6,277
2024-07-01,Singapore,Enterprise,195675.63,145454.2,50221.43,0,8,6,0,0,0,8
2024-07-01,Singapore,Mid-Market,73817.9,69670.22,4147.68,0,32,25,0,0,0,32
2024-07-01,Singapore,SMB,164372.39,139953.57,24947.24,3403.42,124,106,0,5,3,122
2024-07-01,United Kingdom,Enterprise,63500.72,63500.72,0,0,5,5,0,0,0,5
2024-07-01,United Kingdom,Mid-Market,419370.0999999999,367050.3799999999,52319.72000000001,0,85,72,0,3,0,85
2024-07-01,United Kingdom,SMB,431735.66000000003,377450.6200000001,54901.57999999999,4066.54,267,208,0,9,3,265
2024-07-01,United States,Enterprise,209248.80999999997,113061.25,96187.56,0,9,9,0,0,0,9
2024-07-01,United States,Mid-Market,537579.6100000001,493525.39,45630.77999999999,9313.800000000001,148,124,0,1,4,148
2024-07-01,United States,SMB,590869.79,498373.48,94340.27,11923.960000000001,493,398,0,10,12,491
2024-08-01,Germany,Enterprise,1140039.8299999996,959956.58,180083.25000000003,0,41,35,0,0,0,41
2024-08-01,Germany,Mid-Market,1156142.2999999998,1011659.9599999998,145815.05,8318.89,98,66,0,5,3,97
2024-08-01,Germany,SMB,796189.3099999998,646740.2399999999,150429.52,7780.44,278,223,0,10,5,276
2024-08-01,Singapore,Enterprise,54026.909999999996,54026.909999999996,0,0,6,5,0,0,0,6
2024-08-01,Singapore,Mid-Market,112634.47,108368.44,4266.03,0,35,28,0,1,0,35
2024-08-01,Singapore,SMB,150352.38999999998,98084.52,52867.35,3914.4800000000005,120,100,0,1,4,120
2024-08-01,United Kingdom,Enterprise,179858.2,179858.2,0,0,7,3,0,0,0,7
2024-08-01,United Kingdom,Mid-Market,625912.2,486588.92,139606.75,2808.23,92,75,0,1,2,91
2024-08-01,United Kingdom,SMB,509272.84,414795.0400000001,96110.44999999998,11647.650000000001,279,228,0,9,7,276
2024-08-01,United States,Enterprise,197049.85000000003,196643.37,4789.77,55008.29,13,11,0,0,1,13
2024-08-01,United States,Mid-Market,657015.46,580687.8999999999,79258.83999999998,23046.28,157,130,0,8,1,155
2024-08-01,United States,SMB,766650.13,671083.7500000002,97152.81999999999,12616.44,513,385,0,9,12,510
2024-09-01,Germany,Enterprise,930415.48,693189.01,238241.75,6902.98,36,26,0,1,1,36
2024-09-01,Germany,Mid-Market,817523.2299999999,750822.8099999998,67361.42,4558.94,93,80,0,4,1,92
2024-09-01,Germany,SMB,779741.5399999999,646199.86,134580.06000000003,6333.880000000001,287,223,0,8,3,282
2024-09-01,Singapore,Enterprise,22470.63,18251.88,4218.75,0,6,4,0,0,0,6
2024-09-01,Singapore,Mid-Market,149330.14999999997,143645.15999999997,5684.990000000001,0,35,28,0,0,0,35
2024-09-01,Singapore,SMB,123200.43000000001,105938.17,17658.6,3560.86,122,92,0,2,4,121
2024-09-01,United Kingdom,Enterprise,118162.68000000001,117744.19,418.49,0,7,5,0,0,0,7
2024-09-01,United Kingdom,Mid-Market,265845.79,184476.74000000008,81763.49000000002,4954.74,80,62,0,2,3,80
2024-09-01,United Kingdom,SMB,551406.0800000001,460992.5,91058.95,5805.37,289,233,0,8,6,288
2024-09-01,United States,Enterprise,336251.31,247117.59000000003,89133.72,0,11,8,0,0,0,11
2024-09-01,United States,Mid-Market,710155.94,570430.7,141473.59999999998,13918.61,161,132,0,6,7,156
2024-09-01,United States,SMB,738931.28,616996.7100000001,123606.30000000003,12071.73,523,404,0,16,14,520
2024-10-01,Germany,Enterprise,921829.2,851074.5199999999,71685.15,6971.57,38,30,0,1,2,38
2024-10-01,Germany,Mid-Market,1092906.6399999994,839367.2699999999,254554.62999999998,8491.6,100,79,0,0,3,100
2024-10-01,Germany,SMB,845436.14,573776.8599999999,273567.48,11386.55,295,237,0,8,3,293
2024-10-01,Singapore,Enterprise,27110.67,24542.75,2567.92,0,6,6,0,0,0,6
2024-10-01,Singapore,Mid-Market,189987.58999999997,166487.21999999997,23861.4,3567.28,37,29,0,1,2,36
2024-10-01,Singapore,SMB,150522.71,109144.9,41436.59,533.78,127,98,0,3,1,127
2024-10-01,United Kingdom,Enterprise,191151.68,191151.68,0,0,8,8,0,0,0,8
2024-10-01,United Kingdom,Mid-Market,380254.77999999985,253456.90999999997,126797.87000000001,0,84,63,0,5,0,83
2024-10-01,United Kingdom,SMB,422903.8600000001,355393.0900000001,70210.09,16859.32,284,213,0,10,5,281
2024-10-01,United States,Enterprise,112595.43000000001,111991.73,1260.5900000000001,4453.77,10,9,0,0,1,10
2024-10-01,United States,Mid-Market,614992.7300000002,508027.6,107591.12999999999,6050.91,159,127,0,8,3,159
2024-10-01,United States,SMB,854532.57,682869.4700000001,172633.94,7445.84,529,423,0,15,6,526
2024-11-01,Germany,Enterprise,403420.50000000006,372557.75000000006,31658.64,8447.15,34,29,0,0,1,34
2024-11-01,Germany,Mid-Market,984246.2399999998,742326.4100000001,243035.2,11517.46,97,80,0,1,2,97
2024-11-01,Germany,SMB,681709.4899999999,470950.88999999996,211169.21,3266.61,292,238,0,6,2,289
2024-11-01,Singapore,Enterprise,96561.27,96561.27,0,0,6,4,0,1,0,6
2024-11-01,Singapore,Mid-Market,115836.34999999999,100992.56999999999,14843.78,0,36,29,0,1,0,36
2024-11-01,Singapore,SMB,167151.19,141897.77,25760.95,4607.53,133,109,0,4,4,132
2024-11-01,United Kingdom,Enterprise,133363.18,127591.92000000001,5771.26,0,5,3,0,0,0,5
2024-11-01,United Kingdom,Mid-Market,457157.1199999999,397206.53,59950.590000000004,0,88,73,0,1,0,88
2024-11-01,United Kingdom,SMB,525520.8,460412.00000000006,67084.87,23661.07,287,226,0,6,8,287
2024-11-01,United States,Enterprise,213053.07,156672.99,56380.08,0,10,6,0,1,0,10
2024-11-01,United States,Mid-Market,377235.48999999993,356495,21507.809999999998,5308.59,153,118,0,3,3,152
2024-11-01,United States,SMB,600138.91,506304.37999999995,94938.75000000001,8784.969999999998,518,421,0,11,11,518
2024-12-01,Germany,Enterprise,962305.4000000001,910513.8200000002,51791.58,0,38,26,0,0,0,38
2024-12-01,Germany,Mid-Market,1003568.0899999997,765424.7699999997,238143.32000000004,0,99,73,0,1,0,98
2024-12-01,Germany,SMB,830258.9799999999,748020.0799999998,83979.73,13050.83,302,264,0,7,9,300
2024-12-01,Singapore,Enterprise,110715.78000000001,110715.78000000001,0,0,9,9,0,0,0,9
2024-12-01,Singapore,Mid-Market,214532.31000000003,205242.86000000002,9289.45,0,38,35,0,0,0,38
2024-12-01,Singapore,SMB,202387.72000000003,180466.17,22008.340000000004,586.79,134,101,0,7,1,134
2024-12-01,United Kingdom,Enterprise,228812.44,141455.05,87357.39000000001,0,8,8,0,1,0,8
2024-12-01,United Kingdom,Mid-Market,397267.01999999996,327091.42000000004,70297.86000000002,891.76,87,72,0,3,1,86
2024-12-01,United Kingdom,SMB,487563.21,389523.8800000002,98907.56000000001,4888.23,293,244,0,8,4,293
2024-12-01,United States,Enterprise,60721.71,56394.34,4327.37,0,8,5,0,0,0,8
2024-12-01,United States,Mid-Market,773620.0200000004,646695.2799999999,127349.69999999998,3664.96,166,134,0,5,2,164
2024-12-01,United States,SMB,746880.5600000002,619518.1799999999,131807.26,31059.88,539,423,0,18,11,535
2025-01-01,Germany,Enterprise,1224315.06,1057378.8900000001,168145.49,8860.58,43,39,0,3,1,41
2025-01-01,Germany,Mid-Market,1410638.1599999997,1153439.7699999998,257198.39000000004,0,105,87,0,3,0,105
2025-01-01,Germany,SMB,1082555.9799999997,873905.3999999997,210685.40999999995,17343.59,302,238,0,3,10,301
2025-01-01,Singapore,Enterprise,15214.38,15214.38,0,0,6,5,0,0,0,6
2025-01-01,Singapore,Mid-Market,116515.62999999999,83735.93999999999,32779.69,0,36,29,0,1,0,36
2025-01-01,Singapore,SMB,164377.1,120653.30000000002,43961.86000000001,1688.06,131,113,0,3,3,131
2025-01-01,United Kingdom,Enterprise,133363.18,133581.55,0,1207.33,6,5,0,0,1,6
2025-01-01,United Kingdom,Mid-Market,308295.5399999999,282441.22,27595.320000000003,20513.66,83,72,0,4,5,82
2025-01-01,United Kingdom,SMB,496555.34,408466.76,89757.92,12379.34,300,225,0,7,11,299
2025-01-01,United States,Enterprise,340084.11,156352.09,183732.02,0,15,14,0,0,0,15
2025-01-01,United States,Mid-Market,822646.81,615259.37,208360.28999999998,8779.47,173,131,0,6,4,173
2025-01-01,United States,SMB,727731.3,628623.4200000002,100461.32000000004,10553.44,548,453,0,10,10,547
2025-02-01,Germany,Enterprise,894572.3900000001,764466.4500000001,139631.63,69769.44,38,31,0,0,1,38
2025-02-01,Germany,Mid-Market,1338932.4600000002,980855.61,358481.61,2236.17,108,90,0,4,1,106
2025-02-01,Germany,SMB,937054.9599999994,827705.5299999996,119239.55,68438.12000000001,303,241,0,10,8,298
2025-02-01,Singapore,Enterprise,52325.579999999994,52325.579999999994,0,0,6,3,0,0,0,6
2025-02-01,Singapore,Mid-Market,193597.30000000002,187813.83000000002,5783.47,0,38,26,0,0,0,38
2025-02-01,Singapore,SMB,213121.42,147565.94,65887.38,2956.9,133,104,0,3,4,133
2025-02-01,United Kingdom,Enterprise,102623.65000000001,102623.65000000001,0,0,6,6,0,1,0,6
2025-02-01,United Kingdom,Mid-Market,398016.54999999993,351817.87999999995,47105.31999999999,6674.25,90,73,0,3,3,90
2025-02-01,United Kingdom,SMB,637795.9600000001,498266.8400000001,142462.95,18173.46,305,239,0,11,9,304
2025-02-01,United States,Enterprise,95261.37000000001,95261.37000000001,0,0,12,9,0,0,0,12
2025-02-01,United States,Mid-Market,444691.34,399716.88000000006,47034.94,24422.8,158,114,0,3,2,158
2025-02-01,United States,SMB,855640.92,710949.35,147748.65000000002,20332.079999999994,565,440,0,14,12,561
2025-03-01,Germany,Enterprise,866357.72,831382.48,34975.240000000005,0,37,32,0,0,0,37
2025-03-01,Germany,Mid-Market,1441162.6400000001,1281674.3000000005,167889.85,92679.63,108,90,0,2,3,106
2025-03-01,Germany,SMB,775668.3099999997,504920.23,271943,7013.04,299,239,0,6,6,298
2025-03-01,Singapore,Enterprise,15214.38,12378.32,2836.06,0,6,4,0,0,0,6
2025-03-01,Singapore,Mid-Market,126932.76000000001,97344.53000000001,29637.63,656.9,37,21,0,0,1,37
2025-03-01,Singapore,SMB,223923.30000000002,174846.42,49463.729999999996,3461.85,136,120,0,5,2,135
2025-03-01,United Kingdom,Enterprise,75650.72,69879.46,5771.26,0,5,5,0,0,0,5
2025-03-01,United Kingdom,Mid-Market,499764.92,435226.94,64794.479999999996,2006.1,90,76,0,5,1,89
2025-03-01,United Kingdom,SMB,565745.3500000001,457692.59000000014,108990.87000000001,5372.749999999999,303,261,0,8,5,301
2025-03-01,United States,Enterprise,189255.33000000002,189255.33000000002,0,0,14,13,0,1,0,14
2025-03-01,United States,Mid-Market,549151.6999999998,490106.44999999995,59639.05000000001,4508.8,163,137,0,4,3,162
2025-03-01,United States,SMB,853731.93,718669.52,138072.43,27348.71,557,439,0,15,14,554
2025-04-01,Germany,Enterprise,529762.02,494422.13,35901.32,9932.68,35,31,0,0,1,35
2025-04-01,Germany,Mid-Market,1561790.0899999999,1100734.08,461991.81,8155.0199999999995,107,87,0,5,3,106
2025-04-01,Germany,SMB,785936.84,568307.9999999998,218613.20000000007,7261.610000000001,307,258,0,9,8,305
2025-04-01,Singapore,Enterprise,112209.02,44735.07000000001,67473.95,0,7,4,0,0,0,7
2025-04-01,Singapore,Mid-Market,153629.05,123425.95,30203.100000000002,0,38,31,0,1,0,37
2025-04-01,Singapore,SMB,157093.97,126883,30566.11,2055.14,132,105,0,4,2,131
2025-04-01,United Kingdom,Enterprise,197353.19,197353.19,0,0,6,4,0,0,0,6
2025-04-01,United Kingdom,Mid-Market,260338.49000000005,240179,20295.170000000002,945.68,82,67,0,2,1,81
2025-04-01,United Kingdom,SMB,735115.75,635919.7399999999,105669.83,40451.82,310,242,0,9,10,308
2025-04-01,United States,Enterprise,260332.65000000002,258853.58000000002,1479.07,0,16,13,0,0,0,16
2025-04-01,United States,Mid-Market,590982.3500000001,554767.3800000001,36435.86,1840.89,165,134,0,2,1,165
2025-04-01,United States,SMB,861600.48,706419.0800000002,158873.72,29538.569999999996,563,438,0,16,16,561
2025-05-01,Germany,Enterprise,1034791.2299999999,872749.6599999999,162041.57,0,39,29,0,2,0,39
2025-05-01,Germany,Mid-Market,1605259.1099999996,1309470.5599999996,296210.36,5482.29,109,88,0,3,1,108
2025-05-01,Germany,SMB,822222.3799999998,626388.2199999997,196474.63,5757.47,297,235,0,9,6,295
2025-05-01,Singapore,Enterprise,16021.46,16958,0,5155.29,6,5,0,0,1,6
2025-05-01,Singapore,Mid-Market,79816.04000000001,73894.01000000001,5922.030000000001,0,35,31,0,1,0,35
2025-05-01,Singapore,SMB,154677.83,130942.47999999998,23864.19,1128.84,131,105,0,2,2,131
2025-05-01,United Kingdom,Enterprise,205787.69,149291.64,57712.46,6278.91,8,6,0,0,1,8
2025-05-01,United Kingdom,Mid-Market,335326.04999999993,284176.19,51865.59,5988.04,87,74,0,2,3,86
2025-05-01,United Kingdom,SMB,700418.7900000002,624201.78,77666.45,10839.44,313,247,0,5,9,313
2025-05-01,United States,Enterprise,235492.65,235999.63,0,4514.8,15,13,0,0,1,15
2025-05-01,United States,Mid-Market,657276.63,485550.82,172451.24999999997,4491.9400000000005,169,138,0,8,3,166
2025-05-01,United States,SMB,782419.7,675538.5099999998,110972.59999999998,29311.530000000002,559,436,0,14,13,558
2025-06-01,Germany,Enterprise,992032.47,948371.3799999999,45215.47,10925.63,39,32,0,0,1,39
2025-06-01,Germany,Mid-Market,1286083.59,974882.0299999998,311201.56,0,107,85,0,3,0,106
2025-06-01,Germany,SMB,741340.6799999997,640809.8999999999,106239.45999999999,40880.62,296,248,0,11,7,294
2025-06-01,Singapore,Enterprise,104952.73999999999,104952.73999999999,0,0,7,4,0,0,0,7
2025-06-01,Singapore,Mid-Market,122477.76,113213.31,9264.45,0,36,33,0,0,0,36
2025-06-01,Singapore,SMB,208742.83,190838.75,18373.04,3948.96,138,116,0,5,3,138
2025-06-01,United Kingdom,Enterprise,91040.72,85978.22,5062.5,0,5,4,0,0,0,5
2025-06-01,United Kingdom,Mid-Market,500552.8199999999,398785.6899999999,101902.35,2079.22,92,72,0,1,1,92
2025-06-01,United Kingdom,SMB,565007.1900000001,457949.0200000001,107346.95,2868.79,307,248,0,5,3,307
2025-06-01,United States,Enterprise,431929.5000000001,334807.30000000005,97914.58,4800.2,17,14,0,0,1,17
2025-06-01,United States,Mid-Market,594578.13,498099.3599999999,97514.32999999999,6327.56,165,124,0,3,4,162
2025-06-01,United States,SMB,882427.74,759342.14,124323.25,9462.64,568,476,0,8,11,568
2025-07-01,Germany,Enterprise,1071152.3799999997,827165.2899999998,244966.65999999997,9882.26,40,33,0,1,1,39
2025-07-01,Germany,Mid-Market,1635982.82,1131801.39,504268.94000000006,850.6,111,88,0,6,1,108
2025-07-01,Germany,SMB,788844.9399999996,592907.4699999997,198371.08000000005,26917.859999999997,309,238,0,16,6,305
2025-07-01,Singapore,Enterprise,200701.46,135084.13,65617.33,0,9,9,0,0,0,9
2025-07-01,Singapore,Mid-Market,78049.26000000001,66875.78,11173.48,0,36,27,0,1,0,36
2025-07-01,Singapore,SMB,210458.43000000002,187144.13000000003,23740.629999999997,3301.33,137,108,0,3,3,137
2025-07-01,United Kingdom,Enterprise,79746.22000000002,68866.96,10879.26,0,6,5,0,1,0,6
2025-07-01,United Kingdom,Mid-Market,489275.92999999993,433789.23999999993,60248.44999999999,28089.76,93,79,0,5,1,93
2025-07-01,United Kingdom,SMB,542316.8500000001,472880.22,71162.84,12244.23,307,251,0,10,8,305
2025-07-01,United States,Enterprise,259832.59,263510.99999999994,2459.04,60770.27,14,13,0,0,2,14
2025-07-01,United States,Mid-Market,604620.72,501865.23000000004,103304.65,3654.16,166,133,0,4,2,166
2025-07-01,United States,SMB,673203.64,576768.48,97856.43999999999,11892.68,563,461,0,16,13,559
2025-08-01,Germany,Enterprise,1361685.2699999998,1254975.6199999999,106709.65000000001,0,45,34,0,1,0,45
2025-08-01,Germany,Mid-Market,1423104.1200000003,1149681.4299999997,290903.46999999986,95355.87,108,85,0,4,3,107
2025-08-01,Germany,SMB,1017183.1099999996,756625.3599999996,261273.90000000005,4970.4,306,239,0,13,3,301
2025-08-01,Singapore,Enterprise,59052.74,54833.99,4218.75,0,7,6,0,0,0,7
2025-08-01,Singapore,Mid-Market,116119.19,114849.27,1732.98,2596.06,38,31,0,2,2,37
2025-08-01,Singapore,SMB,159673.03999999998,130115.95000000003,29842.77,3065.6800000000003,130,105,0,0,3,130
2025-08-01,United Kingdom,Enterprise,198163.19,146525.65000000002,51637.54,0,7,7,0,0,0,7
2025-08-01,United Kingdom,Mid-Market,710713.9999999999,638892.2199999999,76240.71,66140.93,99,85,0,2,1,99
2025-08-01,United Kingdom,SMB,581828.06,482381.1900000001,100819.88000000003,12353.01,310,250,0,6,5,308
2025-08-01,United States,Enterprise,204602.35,144854.25999999998,60379.71,10977.78,17,13,0,0,1,17
2025-08-01,United States,Mid-Market,736848.2600000002,628870.5800000001,110617.23,20135.55,173,137,0,5,1,173
2025-08-01,United States,SMB,857837.43,743220.1399999999,123460.68,61023.39,574,454,0,17,10,573
2025-09-01,Germany,Enterprise,971151.9700000001,848498.05,122653.92,0,37,35,0,0,0,37
2025-09-01,Germany,Mid-Market,944858.3699999996,847871.7499999999,97668.02,5741.88,99,75,0,5,1,99
2025-09-01,Germany,SMB,837802.84,656749.4799999999,182339.94,8039.83,304,240,0,12,4,301
2025-09-01,Singapore,Enterprise,28508.96,27496.46,1012.5,0,8,4,0,1,0,7
2025-09-01,Singapore,Mid-Market,160952.64,148388.08000000002,13362.01,4482.950000000001,38,32,0,0,2,38
2025-09-01,Singapore,SMB,149921.08,108992.16,41468.60999999999,4114.6900000000005,132,107,0,4,3,131
2025-09-01,United Kingdom,Enterprise,118162.68000000001,37571.07,80591.61,0,7,6,0,0,0,7
2025-09-01,United Kingdom,Mid-Market,304011.58,264966.32,39470.10999999999,4079.98,87,71,0,2,2,87
2025-09-01,United Kingdom,SMB,652421.7000000001,516667.52,138036.06999999998,13921.890000000001,322,263,0,10,7,319
2025-09-01,United States,Enterprise,510454.6300000001,388494.65,141980.82,109936.48000000001,17,15,0,0,2,17
2025-09-01,United States,Mid-Market,787201.2600000002,631492.2000000003,156720.79,5871.73,174,148,0,7,3,171
2025-09-01,United States,SMB,823484.06,702415.91,122775.27000000003,17262.12,576,474,0,12,11,574
2025-10-01,Germany,Enterprise,1097133.45,664401.8799999998,433950.77,10121.89,40,30,0,1,1,40
2025-10-01,Germany,Mid-Market,1337570.8299999994,779406.4999999998,558492.4,2255.87,106,91,0,5,1,105
2025-10-01,Germany,SMB,892526.8199999996,777568.1299999994,115590.77000000002,6403.58,309,248,0,11,7,306
2025-10-01,Singapore,Enterprise,76265.18000000001,76265.18000000001,0,0,8,7,0,0,0,8
2025-10-01,Singapore,Mid-Market,227514.47999999998,216510.02,11004.460000000001,0,39,30,0,1,0,39
2025-10-01,Singapore,SMB,156729.83999999997,128340.93,28505.309999999998,616.4,134,107,0,3,1,134
2025-10-01,United Kingdom,Enterprise,195908.43,195908.43,0,0,8,7,0,0,0,8
2025-10-01,United Kingdom,Mid-Market,405274.1199999999,324095.05999999994,81179.06,0,90,68,0,0,0,90
2025-10-01,United Kingdom,SMB,459394.9400000001,392017.51000000007,68956.87,13219.44,307,243,0,5,7,306
2025-10-01,United States,Enterprise,119674.26999999999,115925.59999999999,3748.67,0,13,11,0,0,0,13
2025-10-01,United States,Mid-Market,723002.6300000001,559419.2499999999,164613.73,8244.41,173,142,0,6,3,171
2025-10-01,United States,SMB,946630.84,806583.9499999997,146528.34999999998,46017.71,581,471,0,14,14,579
2025-11-01,Germany,Enterprise,434605.48,323988.30000000005,110617.18,0,35,25,0,2,0,35
2025-11-01,Germany,Mid-Market,1036402.3999999996,842478.1999999995,194063.74000000002,699.6,99,77,0,2,1,99
2025-11-01,Germany,SMB,846293.5999999996,585462.3299999998,260864.76,628.49,305,245,0,9,1,303
2025-11-01,Singapore,Enterprise,117271.34,117271.34,0,0,7,6,0,0,0,7
2025-11-01,Singapore,Mid-Market,117847.2,106414,11433.2,0,38,31,0,1,0,37
2025-11-01,Singapore,SMB,180443.32,151955.58999999997,28966.780000000002,3154.0499999999997,137,105,0,4,4,136
2025-11-01,United Kingdom,Enterprise,133363.18,133363.18,0,0,5,4,0,0,0,5
2025-11-01,United Kingdom,Mid-Market,518257.93999999994,439190.2499999999,80195.02,10938.46,94,73,0,3,3,94
2025-11-01,United Kingdom,SMB,573156.6700000002,468062.1899999999,105601.03,5516.55,312,256,0,8,7,310
2025-11-01,United States,Enterprise,225531.91,223101.92,2429.99,0,13,10,0,0,0,13
2025-11-01,United States,Mid-Market,406978.96,351019.6099999999,56085.700000000004,1746.35,160,131,0,3,1,159
2025-11-01,United States,SMB,704755.72,594936.15,111193.13999999998,10419.82,566,451,0,16,13,564
2025-12-01,Germany,Enterprise,1049764.3599999996,794393.5099999999,255908.82,5558.28,40,32,0,2,1,40
2025-12-01,Germany,Mid-Market,1118627.17,887856.0999999997,238703.94999999998,86370.24,101,77,0,3,3,101
2025-12-01,Germany,SMB,868197.2899999996,750452.0900000001,123675.16000000002,49580.65000000001,315,257,0,10,11,311
2025-12-01,Singapore,Enterprise,118621.45999999999,91081.45999999999,27540,0,9,8,0,0,0,9
2025-12-01,Singapore,Mid-Market,248296.03999999998,179446.2,73947.54999999999,35472.71,40,32,0,2,1,40
2025-12-01,Singapore,SMB,227338.8,210785.03000000003,16659.03,1886.51,138,111,0,1,1,138
2025-12-01,United Kingdom,Enterprise,242713.33000000002,243104.26,0,3468.93,8,6,0,1,1,8
2025-12-01,United Kingdom,Mid-Market,395380.73,374579.24,20801.489999999998,0,89,75,0,1,0,89
2025-12-01,United Kingdom,SMB,523492.1700000001,416257.6500000001,107808.71999999999,8314.210000000001,316,260,0,9,6,315
2025-12-01,United States,Enterprise,79583.81000000001,76433.81,3150,0,12,12,0,1,0,12
2025-12-01,United States,Mid-Market,815819.15,718920.6200000001,97647.85,4485.4400000000005,174,138,0,5,2,171
2025-12-01,United States,SMB,847549.73,727749.5399999999,120973.69999999998,8923.510000000002,575,469,0,20,10,574
2026-01-01,Germany,Enterprise,1282846.3299999998,986988.71,299862.82,29557.12,43,35,0,0,1,43
2026-01-01,Germany,Mid-Market,1466423.99,1102793.3199999996,371860.95,78763.66,107,88,0,5,5,107
2026-01-01,Germany,SMB,1051808.4999999995,705521.0200000001,347428.07999999996,8506.710000000001,309,253,0,5,7,306
2026-01-01,Singapore,Enterprise,16021.46,5456.25,10565.21,0,6,4,0,0,0,6
2026-01-01,Singapore,Mid-Market,127864.20000000001,121029.63,6834.57,0,37,21,0,0,0,37
2026-01-01,Singapore,SMB,160276.9,120601.93,39784.14000000001,1109.17,135,108,0,3,2,134
2026-01-01,United Kingdom,Enterprise,133363.18,133084.54,278.64,0,6,4,0,0,0,6
2026-01-01,United Kingdom,Mid-Market,338460.63999999996,273675.16000000003,66496.56,25039.08,87,67,0,1,1,87
2026-01-01,United Kingdom,SMB,551495.1700000002,472882.81000000006,82908.12,28505.760000000002,323,273,0,12,7,321
2026-01-01,United States,Enterprise,342462.83,339537,2925.83,0,15,12,0,1,0,15
2026-01-01,United States,Mid-Market,823214.6100000003,706283.2000000003,116994.17,670.26,179,131,0,6,1,178
2026-01-01,United States,SMB,824165.5,685458.7200000002,141072.75000000006,17660.97,581,456,0,17,12,578
2026-02-01,Germany,Enterprise,920086.51,871834.38,50529.18,11648.3,40,25,0,2,1,39
2026-02-01,Germany,Mid-Market,1382591.39,1207597.67,177264.47999999998,36730.259999999995,109,95,0,6,2,108
2026-02-01,Germany,SMB,983979.3899999994,724330.19,262112.12000000008,20586.62,307,255,0,8,10,305
2026-02-01,Singapore,Enterprise,45618.74,41399.99,4218.75,0,6,5,0,1,0,6
2026-02-01,Singapore,Mid-Market,193757.76,186933.09000000003,6875.66,725.99,38,32,0,0,1,38
2026-02-01,Singapore,SMB,192545.94,147681.56,45033.009999999995,1168.63,135,110,0,3,2,135
2026-02-01,United Kingdom,Enterprise,102623.65,14900.720000000001,87722.93,0,6,5,0,0,0,6
2026-02-01,United Kingdom,Mid-Market,412553.98,317059.83,95887.35,2240,95,74,0,4,1,94
2026-02-01,United Kingdom,SMB,688001.6699999999,489426.97999999986,201051.28,14206.6,325,248,0,12,5,324
2026-02-01,United States,Enterprise,96627.59,95502.59,1125,0,11,7,0,0,0,11
2026-02-01,United States,Mid-Market,476578.94999999995,426664.75000000006,50071.9,832.7,165,125,0,5,1,164
2026-02-01,United States,SMB,890456.4800000001,708991.24,182429.85999999996,7769.620000000001,585,460,0,14,7,582
2026-03-01,Germany,Enterprise,871797.21,591985.34,280239.95,5448.39,37,30,0,2,1,37
2026-03-01,Germany,Mid-Market,1414643.5299999993,1041859.6899999994,376164.82999999996,21012.32,109,84,0,0,5,109
2026-03-01,Germany,SMB,798667.0699999997,721601.6899999997,79576.71999999999,20837.839999999997,308,247,0,6,6,305
2026-03-01,Singapore,Enterprise,16593.739999999998,13893.75,2699.99,0,6,4,0,0,0,6
2026-03-01,Singapore,Mid-Market,127497.37000000001,88158.56,39735.33,2016.52,37,32,0,1,1,37
2026-03-01,Singapore,SMB,224476.49999999997,168472.70000000004,56306.6,3377.8,138,109,0,5,2,137
2026-03-01,United Kingdom,Enterprise,75650.71999999999,75650.71999999999,0,0,5,4,0,0,0,5
2026-03-01,United Kingdom,Mid-Market,538653.2499999999,482032.43,56790.64000000001,3055.45,95,81,0,3,1,94
2026-03-01,United Kingdom,SMB,597193.17,483565.13,118094.68999999999,43418.65000000001,323,272,0,8,8,319
2026-03-01,United States,Enterprise,252216.55000000002,110674.51000000001,141542.03999999998,0,14,13,0,1,0,14
2026-03-01,United States,Mid-Market,621969.3999999999,430411.63,196787.68,38811.16,169,129,0,6,3,169
2026-03-01,United States,SMB,840114.96,670633.0399999999,172056.16000000003,21599.239999999998,572,482,0,19,9,571
2026-04-01,Germany,Enterprise,525155.19,484038.83,41116.36,0,34,16,0,0,0,34
2026-04-01,Germany,Mid-Market,1387377.4399999997,676112.4299999998,718209.7600000001,40199.3,107,64,0,3,3,107
2026-04-01,Germany,SMB,850666.7399999996,600256.6,251659.99,8425.79,316,233,0,7,7,313
2026-04-01,Singapore,Enterprise,112781.3,108562.55,4218.75,0,7,5,0,0,0,7
2026-04-01,Singapore,Mid-Market,151898.65,127969.9,23928.75,0,37,30,0,0,0,37
2026-04-01,Singapore,SMB,164357.41999999998,106052.48000000001,59031.99,7702.05,135,105,0,4,3,135
2026-04-01,United Kingdom,Enterprise,258103.18999999997,75650.72,182452.47,0,7,3,0,1,0,7
2026-04-01,United Kingdom,Mid-Market,311187.85,176329.95,135984.86000000002,9571.199999999999,88,47,0,2,4,87
2026-04-01,United Kingdom,SMB,710562.11,561318.7100000001,149655.69,3652.29,324,253,0,6,4,323
2026-04-01,United States,Enterprise,261698.87,80357.21,181341.66,0,15,3,0,0,0,15
2026-04-01,United States,Mid-Market,728707.8300000002,519929.5399999999,209131.97,2758.36,175,114,0,6,1,173
2026-04-01,United States,SMB,884390.24,642954.7899999999,242525.71999999994,9015.26,584,434,0,17,9,581
2026-05-01,Germany,Enterprise,944732.32,393278.06,551454.26,0,37,3,0,1,0,37
2026-05-01,Germany,Mid-Market,1609606.7800000003,605845.43,1003761.3499999996,0,110,5,0,3,0,110
2026-05-01,Germany,SMB,733582.0299999992,321525.19999999995,413074.1799999999,7651.599999999999,299,67,0,9,6,298
2026-05-01,Singapore,Enterprise,16619.02,10293.74,6325.28,0,6,0,0,1,0,6
2026-05-01,Singapore,Mid-Market,77824.12,50839.670000000006,29578.5,19118.05,35,0,0,2,1,35
2026-05-01,Singapore,SMB,154542.7,79273.70999999999,75356.14,1287.15,132,27,0,3,1,132
2026-05-01,United Kingdom,Enterprise,223026.67999999996,44651.26,178375.41999999998,0,8,0,0,0,0,8
2026-05-01,United Kingdom,Mid-Market,321931.57999999996,142700.72999999998,179230.85000000003,0,90,3,0,3,0,88
2026-05-01,United Kingdom,SMB,709544.1100000001,316471.17000000004,394121.6200000001,9263.32,327,89,0,6,7,326
2026-05-01,United States,Enterprise,236858.87,4007.82,232851.05,0,14,2,0,0,0,14
2026-05-01,United States,Mid-Market,671508.8,247420.97,424087.83,0,174,6,0,10,0,169
2026-05-01,United States,SMB,811128.51,395778.37999999995,415683.5200000001,3314.6400000000003,574,142,0,16,2,572
2026-06-01,Germany,Enterprise,987425.64,8902.69,978522.95,0,38,0,0,0,0,38
2026-06-01,Germany,Mid-Market,1232416.7800000005,5622.75,1226794.0300000005,0,106,0,0,4,0,106
2026-06-01,Germany,SMB,814341.9499999996,67316.64,747167.8999999998,1570.59,306,0,0,12,1,303
2026-06-01,Singapore,Enterprise,105525.01999999999,0,105525.01999999999,0,7,0,0,0,0,7
2026-06-01,Singapore,Mid-Market,123067.65000000001,0,123067.65000000001,0,36,0,0,1,0,36
2026-06-01,Singapore,SMB,213920.56,6900,207020.56,0,140,0,0,8,0,138
2026-06-01,United Kingdom,Enterprise,91401.76,0,91401.76,0,5,0,0,0,0,5
2026-06-01,United Kingdom,Mid-Market,592000.6,0,592000.6,0,98,0,0,4,0,97
2026-06-01,United Kingdom,SMB,621503.68,58872,562631.68,0,324,0,0,5,0,323
2026-06-01,United States,Enterprise,432271.30999999994,4007.82,428263.49,0,16,0,0,0,0,16
2026-06-01,United States,Mid-Market,613039.1200000001,62370,550669.12,0,169,0,0,3,0,167
2026-06-01,United States,SMB,905917.39,125684.16,780296.26,563.03,579,0,0,16,1,577
