month_iso,customer_segment,beginning_arr_gbp,gross_retained_arr_gbp,net_retained_arr_gbp,new_business_arr_gbp,expansion_arr_gbp,contraction_arr_gbp,churn_arr_gbp,pause_arr_gbp,beginning_customers,ending_customers,retained_customers,churned_customers,paused_customers,new_customers,control_exception_count
2018-01-01,Enterprise,0,0,0,60008.4,0,0,0,0,0,2,0,0,0,2,0
2018-01-01,Mid-Market,0,0,0,41208.72,0,0,0,0,0,2,0,0,0,2,0
2018-01-01,SMB,0,0,0,158984.16,0,0,0,0,0,15,0,0,0,15,0
2018-02-01,Enterprise,60008.4,60008.4,60008.4,31466.4,0,0,0,0,2,3,2,0,0,1,0
2018-02-01,Mid-Market,41208.72,41208.72,41208.72,105188.64,0,0,0,0,2,10,2,0,0,8,0
2018-02-01,SMB,158984.16,158984.16,158984.16,188640.84,0,0,0,0,15,38,15,0,0,23,0
2018-03-01,Enterprise,91474.8,91474.8,91474.8,32400,0,0,0,0,3,4,3,0,0,1,0
2018-03-01,Mid-Market,146397.36000000002,146397.36000000002,146397.36000000002,108382.31999999999,0,0,0,0,10,15,10,0,0,5,0
2018-03-01,SMB,347625.00000000006,347625.00000000006,347625.00000000006,248924.52,0,0,0,0,38,63,38,0,0,25,0
2018-04-01,Enterprise,123874.79999999999,123874.79999999999,123874.79999999999,160972.8,0,0,0,0,4,6,4,0,0,2,0
2018-04-01,Mid-Market,254779.68,254779.68,254779.68,176115,0,0,0,0,15,22,15,0,0,7,0
2018-04-01,SMB,596549.52,596549.52,596549.52,136247.68,0,0,0,0,63,76,63,0,0,13,1
2018-05-01,Enterprise,284847.6,284847.6,284847.6,0,0,0,0,0,6,6,6,0,0,0,0
2018-05-01,Mid-Market,430894.68000000005,430894.68000000005,430894.68000000005,266143.32,0,0,0,0,22,33,22,0,0,11,0
2018-05-01,SMB,732797.2,732797.2,732797.2,241063.44,0,0,0,0,76,101,76,0,0,25,0
2018-06-01,Enterprise,284847.6,284847.6,284847.6,80493.84,0,0,0,0,6,7,6,0,0,1,0
2018-06-01,Mid-Market,697038,697038,697038,118021.8,0,0,0,0,33,42,33,0,0,9,0
2018-06-01,SMB,973860.64,973860.64,973860.64,99210.96,0,0,0,0,101,111,101,0,0,10,0
2018-07-01,Enterprise,365341.44,365341.44,365341.44,62775,0,0,0,0,7,8,7,0,0,1,0
2018-07-01,Mid-Market,815059.7999999999,811442.4,811442.4,103314.23999999999,0,3617.4,0,0,42,50,42,0,0,8,0
2018-07-01,SMB,1073071.5999999999,1073071.5999999999,1073071.5999999999,192720,0,0,0,0,111,127,111,0,0,16,0
2018-08-01,Enterprise,428116.43999999994,428116.43999999994,428116.43999999994,50625,0,0,0,0,8,9,8,0,0,1,0
2018-08-01,Mid-Market,914756.6399999999,914756.6399999999,914756.6399999999,143601.84,0,0,0,0,50,58,50,0,0,8,0
2018-08-01,SMB,1265791.6,1265791.6,1265791.6,256168.32,0,0,0,0,127,150,127,0,0,23,0
2018-09-01,Enterprise,478741.44,478741.44,478741.44,0,0,0,0,0,9,9,9,0,0,0,0
2018-09-01,Mid-Market,1058358.48,1058358.48,1058358.48,229916.4,0,0,0,0,58,70,58,0,0,12,0
2018-09-01,SMB,1521959.9200000002,1521959.9200000002,1521959.9200000002,251725.56,0,0,0,0,150,177,150,0,0,27,0
2018-09-01,Unknown,0,0,0,10712.64,0,0,0,0,0,1,0,0,0,1,1
2018-10-01,Enterprise,478741.44,478741.44,478741.44,34313.76,0,0,0,0,9,10,9,0,0,1,0
2018-10-01,Mid-Market,1288274.8799999997,1288274.8799999997,1288274.8799999997,169848.72,0,0,0,0,70,78,70,0,0,8,0
2018-10-01,SMB,1773685.48,1773685.48,1773685.48,157680,0,0,0,0,177,191,177,0,0,14,0
2018-10-01,Unknown,10712.64,10712.64,10712.64,0,0,0,0,0,1,1,1,0,0,0,1
2018-11-01,Enterprise,513055.2,513055.2,513055.2,0,0,0,0,0,10,10,10,0,0,0,0
2018-11-01,Mid-Market,1458123.5999999999,1458123.5999999999,1458123.5999999999,104772.52,0,0,0,0,78,85,78,0,0,7,1
2018-11-01,SMB,1931365.48,1931365.48,1931365.48,245863.56,0,0,0,0,191,213,191,0,0,22,0
2018-11-01,Unknown,10712.64,10712.64,10712.64,0,0,0,0,0,1,1,1,0,0,0,1
2018-12-01,Enterprise,513055.20000000007,513055.20000000007,513055.20000000007,70571.28,0,0,0,0,10,12,10,0,0,2,0
2018-12-01,Mid-Market,1562896.1199999999,1562896.1199999999,1562896.1199999999,149105.03999999998,0,0,0,0,85,92,85,0,0,7,0
2018-12-01,SMB,2177229.04,2177229.04,2177229.04,122340,0,0,0,0,213,226,213,0,0,13,0
2018-12-01,Unknown,10712.64,10712.64,10712.64,0,0,0,0,0,1,1,1,0,0,0,1
2019-01-01,Enterprise,583626.4800000001,583626.4800000001,583626.4800000001,216675,0,0,0,0,12,15,12,0,0,3,0
2019-01-01,Mid-Market,1712001.16,1712001.16,1712001.16,226894.68,0,0,0,0,92,99,92,0,0,7,0
2019-01-01,SMB,2299569.0400000005,2299569.0400000005,2299569.0400000005,310887.83999999997,0,0,0,0,226,251,226,0,0,25,0
2019-01-01,Unknown,10712.64,10712.64,10712.64,0,0,0,0,0,1,1,1,0,0,0,1
2019-02-01,Enterprise,800301.48,800301.48,800301.48,229837.56,0,0,0,0,15,18,15,0,0,3,0
2019-02-01,Mid-Market,1938895.84,1938895.84,1938895.84,156006,0,0,0,0,99,105,99,0,0,6,0
2019-02-01,SMB,2610456.8799999994,2610456.8799999994,2610456.8799999994,264320.44,0,0,0,0,251,275,251,0,0,24,1
2019-02-01,Unknown,10712.64,10712.64,10712.64,0,0,0,0,0,1,1,1,0,0,0,1
2019-03-01,Enterprise,1030139.04,1030139.04,1030139.04,89775,0,0,0,0,18,19,18,0,0,1,0
2019-03-01,Mid-Market,2094901.8399999994,2094901.8399999994,2094901.8399999994,332649.24,0,0,0,0,105,117,105,0,0,12,0
2019-03-01,SMB,2874777.32,2863257.32,2863257.32,287814,0,0,11520,0,275,299,274,1,0,25,0
2019-03-01,Unknown,10712.64,10712.64,10712.64,0,0,0,0,0,1,1,1,0,0,0,1
2019-04-01,Enterprise,1119914.04,1119914.04,1119914.04,197618.16,0,0,0,0,19,23,19,0,0,4,0
2019-04-01,Mid-Market,2427551.0800000005,2427551.0800000005,2436056.0800000005,290662.44,8505,0,0,0,117,128,117,0,0,11,0
2019-04-01,SMB,3151071.3200000003,3151071.3200000003,3152912.72,255782.75999999998,1841.4,0,0,0,300,323,299,0,0,24,1
2019-04-01,Unknown,10712.64,10712.64,10712.64,6000,0,0,0,0,1,2,1,0,0,1,3
2019-05-01,Enterprise,1317532.2,1317532.2,1317532.2,173597.76,0,0,0,0,23,26,23,0,0,3,0
2019-05-01,Mid-Market,2726718.520000001,2726718.520000001,2726718.520000001,304185,0,0,0,0,128,141,128,0,0,13,0
2019-05-01,SMB,3408695.4800000004,3397175.4800000004,3397175.4800000004,197673.96,0,0,11520,0,324,338,322,1,0,16,1
2019-05-01,Unknown,16712.64,16712.64,16712.64,0,0,0,0,0,2,2,2,0,0,0,3
2019-06-01,Enterprise,1491129.9599999997,1491129.9599999997,1491129.9599999997,471257.28,0,0,0,0,26,33,26,0,0,7,0
2019-06-01,Mid-Market,3030903.520000001,3030903.520000001,3032193.2800000007,337967.52,1289.76,0,0,0,141,152,141,0,0,11,0
2019-06-01,SMB,3594849.4400000004,3594849.4400000004,3594849.4400000004,258160.91999999998,0,0,0,0,340,361,338,0,0,23,2
2019-06-01,Unknown,16712.64,16712.64,16712.64,120181.56,0,0,0,0,2,3,2,0,0,1,4
2019-07-01,Enterprise,1962387.24,1962387.24,1962387.24,0,0,0,0,0,33,33,33,0,0,0,0
2019-07-01,Mid-Market,3370160.7999999984,3370160.7999999984,3370160.7999999984,244610.19999999998,0,0,0,0,152,161,152,0,0,9,2
2019-07-01,SMB,3853010.360000001,3853010.360000001,3853010.360000001,259414.24000000002,0,0,0,0,363,382,361,0,0,21,3
2019-07-01,Unknown,136894.2,136894.2,136894.2,0,0,0,0,0,3,3,3,0,0,0,4
2019-08-01,Enterprise,1962387.2399999998,1962387.2399999998,1962387.2399999998,160140.47999999998,0,0,0,0,33,35,33,0,0,2,0
2019-08-01,Mid-Market,3614871,3614871,3614871,263310.48,0,0,0,0,161,170,161,0,0,9,0
2019-08-01,SMB,4112424.600000001,4112424.600000001,4112424.600000001,176493.84,0,0,0,0,384,401,382,0,0,19,2
2019-08-01,Unknown,136894.2,136894.2,136894.2,0,0,0,0,0,3,3,3,0,0,0,4
2019-09-01,Enterprise,2122527.72,2122527.72,2133918.72,339708.24,11391,0,0,0,35,40,35,0,0,5,0
2019-09-01,Mid-Market,3878181.4800000004,3878181.4800000004,3879279.0000000005,192562.56,1097.52,0,0,0,170,178,170,0,0,8,0
2019-09-01,SMB,4288918.4399999995,4288918.4399999995,4297176.4799999995,301250.51999999996,8258.04,0,0,0,403,425,401,0,0,24,2
2019-09-01,Unknown,136894.2,136894.2,136894.2,33540,0,0,0,0,3,5,3,0,0,2,6
2019-10-01,Enterprise,2473626.96,2473626.96,2476426.1999999997,91613.76,2799.24,0,0,0,40,42,40,0,0,2,0
2019-10-01,Mid-Market,4071841.56,4071841.56,4071841.56,199781.04,0,0,0,0,178,187,178,0,0,9,0
2019-10-01,SMB,4598427,4598427,4598427,276684.04000000004,0,0,0,0,427,446,425,0,0,21,3
2019-10-01,Unknown,170434.2,170434.2,170434.2,0,0,0,0,0,5,5,5,0,0,0,6
2019-11-01,Enterprise,2568039.9599999995,2568039.9599999995,2568039.9599999995,0,0,0,0,0,42,42,42,0,0,0,0
2019-11-01,Mid-Market,4271622.599999998,4271622.599999998,4271622.599999998,285441.24,0,0,0,0,187,197,187,0,0,10,0
2019-11-01,SMB,4875111.039999999,4875111.039999999,4875111.039999999,238524.6,0,0,0,0,448,470,446,0,0,24,2
2019-11-01,Unknown,170434.2,170434.2,170434.2,0,0,0,0,0,5,5,5,0,0,0,6
2019-12-01,Enterprise,2568039.9599999995,2551252.3199999994,2551252.3199999994,175238.28,0,16787.64,0,0,42,45,42,0,0,3,0
2019-12-01,Mid-Market,4557063.840000001,4538595.840000001,4538595.840000001,334886.76,0,0,18468,0,197,204,196,1,0,8,0
2019-12-01,SMB,5113635.640000001,5113635.640000001,5113635.640000001,363730,0,0,0,0,472,498,470,0,0,28,3
2019-12-01,Unknown,170434.2,170434.2,170434.2,0,0,0,0,0,5,5,5,0,0,0,6
2020-01-01,Enterprise,2726490.599999999,2726490.599999999,2726490.599999999,130612.44,0,0,0,0,45,46,45,0,0,1,0
2020-01-01,Mid-Market,4873482.599999999,4873482.599999999,4879406.759999999,185639.28,5924.16,0,0,0,204,208,204,0,0,4,0
2020-01-01,SMB,5477365.640000001,5471365.640000001,5471365.640000001,341613.72,0,0,6000,0,500,518,497,1,0,21,2
2020-01-01,Unknown,170434.2,170434.2,170434.2,0,0,0,0,0,5,5,5,0,0,0,6
2020-02-01,Enterprise,2857103.039999999,2853766.079999999,2865021.2399999993,103005.72,11255.16,3336.96,0,0,46,48,46,0,0,2,0
2020-02-01,Mid-Market,5065046.039999999,5065046.039999999,5084847.479999999,448270.88,19801.440000000002,0,0,0,208,224,208,0,0,16,2
2020-02-01,SMB,5812979.36,5812979.36,5812979.36,229921.08,0,0,0,0,520,538,518,0,0,20,3
2020-02-01,Unknown,170434.2,170434.2,170434.2,0,0,0,0,0,5,5,5,0,0,0,6
2020-03-01,Enterprise,2968026.9600000004,2968026.9600000004,2968026.9600000004,148404.72,0,0,0,0,48,50,48,0,0,2,0
2020-03-01,Mid-Market,5533118.360000001,5533118.360000001,5536537.6400000015,422565.48,3419.28,0,0,0,224,240,224,0,0,16,0
2020-03-01,SMB,6043000.4399999995,6043000.4399999995,6043000.4399999995,293913.95999999996,0,0,0,0,540,565,538,0,0,27,2
2020-03-01,Unknown,170434.2,170434.2,170434.2,0,0,0,0,0,5,5,5,0,0,0,6
2020-04-01,Enterprise,3116431.6799999997,3116431.6799999997,3116431.6799999997,94500,0,0,0,0,50,51,50,0,0,1,0
2020-04-01,Mid-Market,5959103.120000001,5959103.120000001,5967991.160000001,222171.6,8888.04,0,0,0,240,248,240,0,0,7,0
2020-04-01,SMB,6336914.400000004,6336914.400000004,6336914.400000004,182957.68,0,0,0,0,567,583,565,0,0,18,3
2020-04-01,Unknown,170434.2,170434.2,170434.2,0,0,0,0,0,5,5,5,0,0,0,7
2020-05-01,Enterprise,3210931.6799999997,3210931.6799999997,3210931.6799999997,104734.32,0,0,0,0,51,54,51,0,0,3,0
2020-05-01,Mid-Market,6190162.760000001,6190162.760000001,6190162.760000001,285671.08,0,0,0,0,248,255,248,0,0,7,1
2020-05-01,SMB,6519872.079999999,6496302.399999999,6496302.399999999,225127.08000000002,0,1069.68,22500,0,585,600,582,1,0,18,2
2020-05-01,Unknown,170434.2,170434.2,170434.2,0,0,0,0,0,5,5,5,0,0,0,7
2020-06-01,Enterprise,3315666,3315666,3315666,106254.36,0,0,0,0,54,56,54,0,0,2,0
2020-06-01,Mid-Market,6475833.840000003,6475833.840000003,6475833.840000003,380826.95999999996,0,0,0,0,255,266,255,0,0,11,0
2020-06-01,SMB,6721429.479999999,6721429.479999999,6721429.479999999,196528.68,0,0,0,0,602,618,600,0,0,18,3
2020-06-01,Unknown,170434.2,170434.2,170434.2,0,0,0,0,0,5,5,5,0,0,0,7
2020-07-01,Enterprise,3421920.3600000003,3421920.3600000003,3432841.9200000004,318481.44,10921.56,0,0,0,56,61,56,0,0,5,0
2020-07-01,Mid-Market,6856660.800000002,6856660.800000002,6856660.800000002,262271.4,0,0,0,0,266,277,266,0,0,11,0
2020-07-01,SMB,6918058.16,6918058.16,6918058.16,263540.44,0,0,0,0,620,641,618,0,0,23,3
2020-07-01,Unknown,170434.2,170434.2,170434.2,0,0,0,0,0,5,5,5,0,0,0,7
2020-08-01,Enterprise,3751323.36,3751323.36,3751323.36,223191.36,0,0,0,0,61,66,61,0,0,5,0
2020-08-01,Mid-Market,7118932.200000001,7118932.200000001,7129533.000000001,341567.4,10600.8,0,0,0,277,291,277,0,0,14,0
2020-08-01,SMB,7181598.600000002,7181598.600000002,7186719.840000002,271959.95999999996,5121.24,0,0,0,643,659,641,0,0,18,2
2020-08-01,Unknown,170434.2,170434.2,170434.2,0,0,0,0,0,5,5,5,0,0,0,7
2020-09-01,Enterprise,3974514.7199999997,3974514.7199999997,3974514.7199999997,56220.96,0,0,0,0,66,68,66,0,0,2,0
2020-09-01,Mid-Market,7471100.400000002,7471100.400000002,7480368.960000002,301585.83999999997,9268.56,0,0,0,291,302,291,0,0,10,1
2020-09-01,SMB,7458679.799999999,7458679.799999999,7458679.799999999,237931.08000000002,0,0,0,0,661,680,659,0,0,21,3
2020-09-01,Unknown,170434.2,170434.2,170434.2,0,0,0,0,0,5,5,5,0,0,0,7
2020-10-01,Enterprise,4030735.679999999,4030735.679999999,4030735.679999999,259597.44,0,0,0,0,68,71,68,0,0,3,0
2020-10-01,Mid-Market,7781954.800000001,7764758.680000001,7764758.680000001,499393.68000000005,0,17196.12,0,0,302,316,302,0,0,14,0
2020-10-01,SMB,7696710.880000002,7696710.880000002,7697541.520000001,222524.27999999997,830.64,0,0,0,682,700,680,0,0,20,3
2020-10-01,Unknown,170434.2,170434.2,170434.2,0,0,0,0,0,5,5,5,0,0,0,7
2020-11-01,Enterprise,4290333.12,4290333.12,4302882.240000001,84379.44,12549.12,0,0,0,71,73,71,0,0,2,0
2020-11-01,Mid-Market,8264152.360000003,8264152.360000003,8264152.360000003,361279.8,0,0,0,0,316,329,316,0,0,13,0
2020-11-01,SMB,7920165.800000001,7920165.800000001,7920165.800000001,184950,0,0,0,0,702,716,700,0,0,16,2
2020-11-01,Unknown,170434.2,170434.2,170434.2,0,0,0,0,0,5,5,5,0,0,0,7
2020-12-01,Enterprise,4387261.680000001,4372246.2,4389590.5200000005,171655.56,17344.32,15015.48,0,0,73,75,73,0,0,2,0
2020-12-01,Mid-Market,8625432.160000002,8625432.160000002,8629212.760000004,187039.8,3780.6,0,0,0,329,334,329,0,0,5,0
2020-12-01,SMB,8105115.800000001,8099415.800000001,8100830.120000001,189626.04,1414.32,0,5700,0,718,733,716,0,0,17,2
2020-12-01,Unknown,170434.2,170434.2,170434.2,0,0,0,0,0,5,5,5,0,0,0,7
2021-01-01,Enterprise,4561246.08,4561246.08,4561246.08,105975,0,0,0,0,75,77,75,0,0,2,0
2021-01-01,Mid-Market,8816252.56,8816252.56,8816252.56,337814.88,0,0,0,0,334,345,334,0,0,11,0
2021-01-01,SMB,8290456.16,8290456.16,8294274.08,252222.24,3817.92,0,0,0,735,756,733,0,0,23,3
2021-01-01,Unknown,170434.2,170434.2,170434.2,0,0,0,0,0,5,5,5,0,0,0,7
2021-02-01,Enterprise,4667221.079999998,4667221.079999998,4667221.079999998,325879.68,0,0,0,0,77,81,77,0,0,4,1
2021-02-01,Mid-Market,9154067.440000001,9154067.440000001,9158866.480000002,196880.16,4799.04,0,0,0,345,353,345,0,0,8,0
2021-02-01,SMB,8546596.319999998,8532196.319999998,8532196.319999998,289365.4,0,0,14400,0,758,776,755,1,0,21,3
2021-02-01,Unknown,170434.2,170434.2,170434.2,0,0,0,0,0,5,5,5,0,0,0,8
2021-03-01,Enterprise,4993200.760000001,4983133.96,4983133.96,100311.36,0,10066.8,0,0,81,83,81,0,0,2,0
2021-03-01,Mid-Market,9355746.640000002,9355746.640000002,9355746.640000002,440206.08,0,0,0,0,353,367,353,0,0,14,0
2021-03-01,SMB,8821561.719999999,8821561.719999999,8821561.719999999,164714.2,0,0,0,0,778,792,776,0,0,16,3
2021-03-01,Unknown,170434.2,170434.2,170434.2,0,0,0,0,0,5,5,5,0,0,0,8
2021-04-01,Enterprise,5083445.319999999,5083445.319999999,5083445.319999999,101195.76,0,0,0,0,83,85,83,0,0,2,0
2021-04-01,Mid-Market,9795952.719999999,9795952.719999999,9804474.519999998,469615.32,8521.8,0,0,0,367,381,367,0,0,14,1
2021-04-01,SMB,8986275.92,8947597.52,8949749,328523.39999999997,2151.48,878.4,37800,0,794,815,791,1,0,24,2
2021-04-01,Unknown,170434.2,170434.2,170434.2,0,0,0,0,0,5,5,5,0,0,0,8
2021-05-01,Enterprise,5184641.079999999,5184641.079999999,5202743.679999999,175285.56,18102.600000000002,0,0,0,85,88,85,0,0,3,0
2021-05-01,Mid-Market,10274189.840000002,10217489.840000002,10219541.360000001,338611.31999999995,2051.52,0,56700,0,381,391,380,1,0,11,0
2021-05-01,SMB,9278272.399999999,9267253.519999998,9267253.519999998,305325,0,11018.88,0,0,817,836,815,0,0,21,2
2021-05-01,Unknown,170434.2,170434.2,170434.2,0,0,0,0,0,5,5,5,0,0,0,8
2021-06-01,Enterprise,5378029.24,5378029.24,5378029.24,184483.68,0,0,0,0,88,91,88,0,0,3,0
2021-06-01,Mid-Market,10558152.679999998,10558152.679999998,10558152.679999998,340494.96,0,0,0,0,391,401,391,0,0,10,0
2021-06-01,SMB,9572578.519999998,9572578.519999998,9577405.519999998,246176.04,4827,0,0,0,838,860,836,0,0,24,2
2021-06-01,Unknown,170434.2,170434.2,170434.2,0,0,0,0,0,5,5,5,0,0,0,8
2021-07-01,Enterprise,5562512.919999997,5562512.919999997,5574380.319999997,125974.32,11867.4,0,0,0,91,93,91,0,0,2,0
2021-07-01,Mid-Market,10898647.640000002,10898647.640000002,10903781.480000002,337893.48,5133.84,0,0,0,401,413,401,0,0,12,1
2021-07-01,SMB,9823581.559999997,9823581.559999997,9823581.559999997,233712.72,0,0,0,0,862,886,860,0,0,26,3
2021-07-01,Unknown,170434.2,170434.2,170434.2,0,0,0,0,0,5,5,5,0,0,0,8
2021-08-01,Enterprise,5700354.6400000015,5700354.6400000015,5719514.800000001,336444,19160.16,0,0,0,93,99,93,0,0,6,0
2021-08-01,Mid-Market,11241774.96,11241774.96,11241774.96,427815.72,0,0,0,0,413,428,413,0,0,15,0
2021-08-01,SMB,10057394.279999994,10053798.599999994,10053798.599999994,270250.07999999996,0,3595.68,0,0,888,907,886,0,0,21,2
2021-08-01,Unknown,170434.2,170434.2,170434.2,0,0,0,0,0,5,5,5,0,0,0,8
2021-09-01,Enterprise,6055958.800000001,6055958.800000001,6073241.32,172128.47999999998,17282.52,0,0,0,99,102,99,0,0,3,0
2021-09-01,Mid-Market,11669590.68,11669590.68,11672042.4,289272.72,2451.72,0,0,0,428,440,428,0,0,12,0
2021-09-01,SMB,10324048.68,10316172.479999999,10319410.68,182870.16,3238.2,1876.2,6000,0,909,922,906,1,0,16,2
2021-09-01,Unknown,170434.2,170434.2,170434.2,0,0,0,0,0,5,5,5,0,0,0,9
2021-10-01,Enterprise,6245369.800000002,6245369.800000002,6257389.240000002,228532.08,12019.44,0,0,0,102,104,102,0,0,2,0
2021-10-01,Mid-Market,11961315.12,11961315.12,11983126.44,289560.4,21811.32,0,0,0,440,450,440,0,0,10,2
2021-10-01,SMB,10502280.839999994,10500487.439999994,10507358.039999994,236640.51999999996,6870.6,1793.4,0,0,924,940,922,0,0,18,4
2021-10-01,Unknown,170434.2,170434.2,170434.2,0,0,0,0,0,5,5,5,0,0,0,9
2021-11-01,Enterprise,6485921.32,6485921.32,6485921.32,101158.08,0,0,0,0,104,106,104,0,0,2,0
2021-11-01,Mid-Market,12272786.840000007,12272786.840000007,12273917.120000008,178703.4,1130.28,0,0,0,450,456,450,0,0,6,0
2021-11-01,SMB,10744098.559999997,10741755.919999996,10742959.759999996,159419.28,1203.84,2342.64,0,0,942,951,940,0,0,11,3
2021-11-01,Unknown,170434.2,170434.2,170434.2,0,0,0,0,0,5,5,5,0,0,0,9
2021-12-01,Enterprise,6587079.399999999,6574528.119999999,6582266.079999999,220713,7737.96,12551.28,0,0,106,109,106,0,0,3,0
2021-12-01,Mid-Market,12452620.519999996,12452620.519999996,12452620.519999996,388217.36,0,0,0,0,456,472,456,0,0,16,2
2021-12-01,SMB,10902479.039999997,10902479.039999997,10902479.039999997,232100.87999999998,0,0,0,0,953,971,951,0,0,20,2
2021-12-01,Unknown,170434.2,170434.2,170434.2,14400,0,0,0,0,5,6,5,0,0,1,10
2022-01-01,Enterprise,6802979.080000001,6770579.080000001,6770579.080000001,403604.64,0,0,32400,0,109,114,108,1,0,6,0
2022-01-01,Mid-Market,12840837.879999993,12840837.879999993,12843054.759999994,435050.88,2216.88,0,0,0,472,489,472,0,0,17,0
2022-01-01,SMB,11134579.919999998,11128579.919999998,11128579.919999998,455080.12,0,0,6000,0,973,1010,971,0,0,39,4
2022-01-01,Unknown,184834.2,184834.2,184834.2,0,0,0,0,0,6,6,6,0,0,0,10
2022-02-01,Enterprise,7174183.719999999,7174183.719999999,7189204.599999999,91560.23999999999,15020.88,0,0,0,114,115,114,0,0,1,0
2022-02-01,Mid-Market,13278105.64000001,13278105.64000001,13278105.64000001,373676.88,0,0,0,0,489,505,489,0,0,16,0
2022-02-01,SMB,11583760.039999995,11583760.039999995,11586351.919999994,413351.4,2591.88,0,0,0,1012,1049,1010,0,0,39,3
2022-02-01,Unknown,184834.2,184834.2,184834.2,0,0,0,0,0,6,6,6,0,0,0,10
2022-03-01,Enterprise,7280764.840000001,7280764.840000001,7280764.840000001,57712.56,0,0,0,0,115,116,115,0,0,1,0
2022-03-01,Mid-Market,13651782.52,13631009.08,13638540.04,362436.6,7530.96,2305.44,18468,0,505,518,504,1,0,14,0
2022-03-01,SMB,11999803.319999995,11985403.319999995,11988256.079999994,408778.2,2852.76,0,14400,0,1051,1086,1048,1,0,38,2
2022-03-01,Unknown,184834.2,184834.2,184834.2,0,0,0,0,0,6,6,6,0,0,0,10
2022-04-01,Enterprise,7338477.3999999985,7338477.3999999985,7350232.239999999,121905,11754.84,0,0,0,116,118,116,0,0,2,0
2022-04-01,Mid-Market,14000976.640000002,13944276.64,13946279.200000001,586066.12,2002.56,0,56700,0,518,536,517,1,0,19,1
2022-04-01,SMB,12397034.279999996,12390505.919999996,12393309.12,400603.56,2803.2,1128.36,5400,0,1088,1119,1085,1,0,34,3
2022-04-01,Unknown,184834.2,184834.2,184834.2,21060,0,0,0,0,6,8,6,0,0,2,12
2022-05-01,Enterprise,7472137.239999999,7472137.239999999,7472137.239999999,114389.76000000001,0,0,0,0,118,120,118,0,0,2,0
2022-05-01,Mid-Market,14532345.32000001,14529598.04000001,14546925.92000001,335076.48,17327.88,2747.28,0,0,536,550,536,0,0,14,1
2022-05-01,SMB,12794012.680000003,12792606.160000004,12792606.160000004,456401.76,0,1406.52,0,0,1121,1164,1119,0,0,45,2
2022-05-01,Unknown,205894.2,205894.2,205894.2,0,0,0,0,0,8,8,8,0,0,0,12
2022-06-01,Enterprise,7586527,7586527,7589821.24,363044.76,3294.24,0,0,0,120,125,120,0,0,5,0
2022-06-01,Mid-Market,14882102.400000002,14876165.400000002,14889234.96,452871.12,13069.56,5937,0,0,550,567,550,0,0,17,1
2022-06-01,SMB,13249007.919999994,13208304.879999995,13212016.959999995,395798.64,3712.08,3803.04,36900,0,1166,1196,1162,2,0,34,2
2022-06-01,Unknown,205894.2,205894.2,205894.2,0,0,0,0,0,8,8,8,0,0,0,13
2022-07-01,Enterprise,7952865.999999998,7952865.999999998,7952064.639999998,267030.12,1643.88,2445.24,0,0,125,128,125,0,0,3,1
2022-07-01,Mid-Market,15342206.079999996,15342206.079999996,15347364.879999997,510112.68000000005,5158.8,0,0,0,567,590,567,0,0,23,0
2022-07-01,SMB,13607815.599999996,13568515.599999996,13571669.079999994,475464.95999999996,3153.48,0,39300,0,1198,1240,1195,1,0,45,2
2022-07-01,Unknown,205894.2,205894.2,200194.2,0,0,0,5700,0,8,8,8,0,0,0,14
2022-08-01,Enterprise,8219094.759999997,8221539.999999997,8219094.759999997,106481.28,0,0,0,0,128,130,128,0,0,2,1
2022-08-01,Mid-Market,15857477.56,15857477.56,15857477.56,427317.28,0,0,0,0,590,608,590,0,0,18,2
2022-08-01,SMB,14047134.039999995,14021214.039999995,14029983.399999995,446575.43999999994,8769.36,0,25920,0,1243,1282,1238,2,0,44,4
2022-08-01,Unknown,200194.2,205894.2,200194.2,14400,0,0,0,0,8,9,8,0,0,1,15
2022-09-01,Enterprise,8325576.040000001,8252421.280000001,8249976.040000001,328808.52,0,0,75600,0,130,133,129,1,0,3,0
2022-09-01,Mid-Market,16284894.840000002,16284894.840000002,16298472.120000003,432606.84,13577.279999999999,0,0,0,608,625,608,0,0,17,0
2022-09-01,SMB,14476658.839999989,14469072.31999999,14478646.879999988,433236.48000000004,9574.56,1586.52,6000,0,1286,1318,1281,1,0,37,4
2022-09-01,Unknown,214594.2,220294.2,214594.2,0,0,0,0,0,9,9,9,0,0,0,16
2022-10-01,Enterprise,8578784.559999999,8578784.559999999,8617504.36,228990.12000000002,38719.8,0,0,0,134,138,133,0,0,5,1
2022-10-01,Mid-Market,16731078.959999992,16731078.959999992,16731078.959999992,563081.28,0,0,0,0,625,645,625,0,0,20,0
2022-10-01,SMB,14911883.360000001,14908218.92,14915257.64,452652.83999999997,7038.719999999999,3664.44,0,0,1322,1355,1318,0,0,37,4
2022-10-01,Unknown,214594.2,220294.2,214594.2,0,0,0,0,0,9,9,9,0,0,0,17
2022-11-01,Enterprise,8846494.480000002,8846494.480000002,8853731.080000002,309665.4,7236.6,0,0,0,139,142,138,0,0,4,1
2022-11-01,Mid-Market,17294160.23999999,17294160.23999999,17294160.23999999,235265.08000000002,0,0,0,0,645,655,645,0,0,10,1
2022-11-01,SMB,15367910.48,15367910.48,15368890.64,446412.04000000004,980.16,0,0,0,1359,1392,1355,0,0,37,5
2022-11-01,Unknown,214594.2,220294.2,214594.2,0,0,0,0,0,9,9,9,0,0,0,19
2022-12-01,Enterprise,9163396.479999999,9163396.479999999,9187480.839999998,212684.76,24084.36,0,0,0,143,146,142,0,0,4,1
2022-12-01,Mid-Market,17529425.32,17440222.76,17445865.040000003,422051.52,5642.28,0,89202.56,0,655,674,653,2,0,21,1
2022-12-01,SMB,15815302.679999996,15794902.679999996,15800931.119999995,532215.6000000001,6028.4400000000005,0,20400,0,1396,1438,1390,2,0,48,4
2022-12-01,Unknown,214594.2,220294.2,214594.2,0,0,0,0,0,9,9,9,0,0,0,20
2023-01-01,Enterprise,9400165.599999994,9400165.599999994,9416736.399999995,329643.48,16570.8,0,0,0,147,151,146,0,0,5,1
2023-01-01,Mid-Market,17867916.560000002,17843734.040000003,17855482.280000005,361503,11748.24,4742.52,19440,0,675,685,673,1,0,12,1
2023-01-01,SMB,16333146.719999999,16330855.440000001,16332419.16,430059.48,1563.72,2291.2799999999997,0,0,1442,1476,1438,0,0,38,5
2023-01-01,Unknown,214594.2,220294.2,216157.91999999998,0,1563.72,0,0,0,9,10,9,0,0,0,21
2023-02-01,Enterprise,9746379.879999999,9746379.879999999,9769511.479999999,199220.76,23131.6,0,0,0,152,155,151,0,0,4,2
2023-02-01,Mid-Market,18216985.279999997,18208954.759999998,18216441.679999996,247921.08,7486.92,8030.52,0,0,686,695,685,0,0,10,1
2023-02-01,SMB,16762578.639999999,16730898.879999999,16734453.159999998,554158.6,3554.28,2879.76,28800,0,1480,1516,1474,2,0,42,5
2023-02-01,Unknown,216157.91999999998,221857.91999999998,216157.91999999998,8100,0,0,0,0,10,11,10,0,0,1,24
2023-03-01,Enterprise,9968732.24,9968732.24,9968732.24,327940.72000000003,0,0,0,0,156,160,155,0,0,5,2
2023-03-01,Mid-Market,18464362.760000005,18445894.760000005,18460475.000000007,476245.08,14580.24,0,18468,0,696,711,694,1,0,17,1
2023-03-01,SMB,17288611.759999994,17282611.759999994,17286322.879999995,399351.88,3711.12,0,6000,0,1520,1553,1515,1,0,38,7
2023-03-01,Unknown,224257.92,229957.92,224257.92,13680,0,0,0,0,11,12,11,0,0,1,26
2023-04-01,Enterprise,10296672.959999997,10296672.959999997,10296672.959999997,45474.119999999995,0,0,0,0,161,162,160,0,0,2,1
2023-04-01,Mid-Market,18936720.080000002,18931369.400000002,18935268.800000004,324226.68,3899.4,5350.68,0,0,712,725,711,0,0,14,1
2023-04-01,SMB,17685874.759999994,17675924.239999995,17678083.159999993,619191.04,2158.92,9950.52,0,0,1557,1609,1553,0,0,56,6
2023-04-01,Unknown,237937.91999999998,243637.91999999998,237937.91999999998,13500,0,0,0,0,12,13,12,0,0,1,28
2023-05-01,Enterprise,10342147.079999998,10342147.079999998,10342147.079999998,333090.60000000003,0,0,0,0,163,167,162,0,0,5,1
2023-05-01,Mid-Market,19259495.480000008,19259495.480000008,19268846.600000005,687878.64,9351.12,0,0,0,726,752,725,0,0,27,2
2023-05-01,SMB,18297374.19999999,18291374.19999999,18303329.799999993,508046.92000000004,11955.599999999999,0,6000,0,1613,1658,1608,1,0,50,6
2023-05-01,Unknown,251437.91999999998,257137.91999999998,251437.91999999998,0,0,0,0,0,13,13,13,0,0,0,28
2023-06-01,Enterprise,10675237.679999994,10675237.679999994,10719725.639999997,438958.8,44487.96,0,0,0,168,172,167,0,0,5,1
2023-06-01,Mid-Market,19956825.240000002,19938357.240000002,19950266.040000003,320727.12,11908.8,0,18468,0,753,766,752,0,0,14,3
2023-06-01,SMB,18811476.72,18806076.72,18810617.04,433012.68,4540.32,0,5400,0,1662,1693,1657,1,0,36,7
2023-06-01,Unknown,251437.91999999998,257137.91999999998,251437.91999999998,0,0,0,0,0,13,13,13,0,0,0,28
2023-07-01,Enterprise,11158684.440000001,11158684.440000001,11158684.440000001,227643.72,0,0,0,0,173,175,172,0,0,3,1
2023-07-01,Mid-Market,20271193.16000001,20271193.16000001,20318135.480000008,416281.72,39014.64,0,0,0,767,784,766,0,0,17,2
2023-07-01,SMB,19243929.72,19243929.72,19246829.52,418127.8,2899.8,0,0,0,1697,1730,1693,0,0,37,5
2023-07-01,Unknown,251437.91999999998,257137.91999999998,251437.91999999998,0,0,0,0,0,13,13,13,0,0,0,28
2023-08-01,Enterprise,11386328.160000004,11386328.160000004,11392199.880000003,214127.63999999998,5871.72,0,0,0,176,180,175,0,0,5,1
2023-08-01,Mid-Market,20734417.200000007,20676048.60000001,20682384.60000001,656887.72,6336,7338.6,51030,0,785,807,783,1,0,24,3
2023-08-01,SMB,19664957.319999993,19647687.759999994,19649453.199999996,526858.4,1765.44,2869.56,14400,0,1734,1768,1729,1,0,39,6
2023-08-01,Unknown,251437.92,257137.92,251437.92,30375,0,0,0,0,13,14,13,0,0,1,29
2023-09-01,Enterprise,11606327.520000001,11603553.600000001,11643462.120000001,147341.52000000002,39908.520000000004,2773.92,0,0,181,183,180,0,0,3,2
2023-09-01,Mid-Market,21339372.319999985,21319704.439999983,21338967.439999986,261329.99999999997,19263,19667.88,0,0,808,822,807,0,0,15,1
2023-09-01,SMB,20176311.599999998,20176311.599999998,20176311.599999998,413757.24,0,0,0,0,1772,1811,1768,0,0,43,5
2023-09-01,Unknown,281812.92,287512.92,281812.92,5700,0,0,0,0,14,15,14,0,0,1,30
2023-10-01,Enterprise,11790903.64,11790903.64,11812148.200000001,140400,21244.56,0,0,0,184,185,183,0,0,2,1
2023-10-01,Mid-Market,21600297.439999983,21600297.439999983,21622454.359999985,389070.36,22156.92,0,0,0,823,838,822,0,0,16,1
2023-10-01,SMB,20590168.84,20559744.64,20560939.24,499498.36,1194.6,5224.2,25200,0,1815,1848,1808,3,0,40,5
2023-10-01,Unknown,287512.92000000004,293212.92000000004,273112.92000000004,0,0,0,14400,0,15,15,15,0,0,0,31
2023-11-01,Enterprise,11952548.199999997,11950801.479999997,11963796.28,150248.16,12994.800000000001,1746.72,0,0,186,187,185,0,0,2,1
2023-11-01,Mid-Market,22011524.720000003,21997114.520000003,22019236.520000003,346355.16000000003,22122,6310.2,8100,0,839,852,837,1,0,15,1
2023-11-01,SMB,21060437.599999987,21052571.839999985,21059784.919999987,364906.48,7213.08,1865.76,6000,0,1853,1882,1847,1,0,35,6
2023-11-01,Unknown,273112.92,293212.92,273112.92,0,0,0,0,0,15,15,15,0,0,0,31
2023-12-01,Enterprise,12114044.440000001,12076928.680000003,12119989.120000001,431209.12,43060.44,37115.76,0,0,188,194,187,0,0,7,2
2023-12-01,Mid-Market,22365591.68000001,22329510.56000001,22352995.280000012,522887.75999999995,23484.72,8541.119999999999,27540,0,853,867,850,2,0,17,1
2023-12-01,SMB,21424691.400000002,21398576.520000003,21404316.840000004,488421.36,5740.32,2894.88,23220,0,1887,1919,1879,3,0,40,5
2023-12-01,Unknown,273112.92,293212.92,273112.92,0,0,0,0,0,15,15,15,0,0,0,32
2024-01-01,Enterprise,12551198.239999996,12551198.239999996,12561507.679999996,123934.68,10309.44,0,0,0,195,196,194,0,0,2,1
2024-01-01,Mid-Market,22875883.040000014,22875883.040000014,22899191.120000012,577349.1599999999,23308.08,0,0,0,868,887,867,0,0,19,2
2024-01-01,SMB,21892738.2,21852538.2,21854033.64,395685.95999999996,1495.44,0,40200,0,1925,1948,1915,4,0,33,6
2024-01-01,Unknown,273112.92,293212.92,278305.32,0,5192.4,0,0,0,15,16,15,0,0,0,34
2024-02-01,Enterprise,12685442.359999998,12685442.359999998,12685442.359999998,227309.03999999998,0,0,0,0,197,199,196,0,0,3,1
2024-02-01,Mid-Market,23476640.27999999,23446753.55999999,23465391.479999993,290878.68,18637.92,1030.56,28856.16,0,888,897,886,1,0,11,1
2024-02-01,SMB,22249719.599999998,22194643.319999997,22198444.08,364666.32,3800.76,1076.28,54000,0,1954,1978,1945,3,0,33,8
2024-02-01,Unknown,278305.32,298405.32,278305.32,0,0,0,0,0,16,16,16,0,0,0,35
2024-03-01,Enterprise,12912751.4,12912751.4,12912751.4,217149.64,0,0,0,0,200,202,199,0,0,3,2
2024-03-01,Mid-Market,23756270.160000008,23748170.160000008,23761701.240000006,402759.99999999994,13531.08,0,8100,0,898,912,897,0,0,15,3
2024-03-01,SMB,22563310.39999999,22557310.39999999,22569177.439999994,411400.60000000003,11867.04,0,6000,0,1985,2007,1977,1,0,30,8
2024-03-01,Unknown,278305.32,298405.32,278305.32,0,0,0,0,0,16,16,16,0,0,0,37
2024-04-01,Enterprise,13129901.040000001,13117751.040000001,13155794.520000001,0,38043.479999999996,0,12150,0,203,202,202,0,0,0,1
2024-04-01,Mid-Market,24164561.240000013,24061402.88000001,24069356.48000001,303470.28,7953.6,16083.36,87075,0,913,922,910,2,0,12,1
2024-04-01,SMB,22980578.039999995,22965849.479999997,22966906.559999995,441149.27999999997,1057.08,3928.56,10800,0,2014,2041,2005,2,0,36,7
2024-04-01,Unknown,278305.32,298405.32,278305.32,0,0,0,0,0,16,16,16,0,0,0,37
2024-05-01,Enterprise,13155794.52,13155794.52,13179890.399999999,206360.28,24095.88,0,0,0,203,206,202,0,0,4,2
2024-05-01,Mid-Market,24372826.759999994,24193374.439999994,24197466.439999994,229045.44,4092,12187.32,167265,0,923,929,919,3,0,10,2
2024-05-01,SMB,23408055.84,23346435.84,23355298.799999997,340117.31999999995,8862.96,0,61620,0,2049,2065,2038,3,0,27,8
2024-05-01,Unknown,278305.32,298405.32,278305.32,0,0,0,0,0,16,16,16,0,0,0,38
2024-06-01,Enterprise,13386350.679999996,13386350.679999996,13420735.239999996,13500,34384.56,0,0,0,207,207,206,0,0,1,1
2024-06-01,Mid-Market,24426611.880000006,24405547.080000006,24437465.640000008,149850,31918.559999999998,5512.799999999999,15552,0,930,936,928,1,0,8,1
2024-06-01,SMB,23695416.119999994,23671850.87999999,23676561.359999992,322239.36,4710.48,3165.24,20400,0,2074,2089,2063,2,0,26,9
2024-06-01,Unknown,278305.32,298405.32,278305.32,0,0,0,0,0,16,16,16,0,0,0,39
2024-07-01,Enterprise,13434235.240000002,13427531.680000002,13470459.040000001,349001.68,42927.36,6703.56,0,0,208,213,207,0,0,6,2
2024-07-01,Mid-Market,24587315.64,24567875.64,24594923.319999997,360867.83999999997,27047.680000000004,0,19440,0,938,947,935,1,0,12,3
2024-07-01,SMB,23998800.72,23977754.999999996,23981338.679999996,373045.6,3583.68,3045.72,18000,0,2098,2123,2088,1,0,35,12
2024-07-01,Unknown,278305.31999999995,298405.31999999995,278305.31999999995,0,0,0,0,0,16,16,16,0,0,0,42
2024-08-01,Enterprise,13819460.720000006,13819460.720000006,13819460.720000006,171033.72,0,0,0,0,214,217,213,0,0,4,1
2024-08-01,Mid-Market,24955791.16,24899852.08,24916260.64,466472.16000000003,16408.56,1061.64,54877.44,0,949,961,945,2,0,16,3
2024-08-01,SMB,24354584.280000005,24346668.12,24353484.720000006,407804.4,6816.6,1916.16,6000,0,2133,2156,2122,1,0,34,10
2024-08-01,Unknown,278305.32,298405.32,278305.32,0,0,0,0,0,16,16,16,0,0,0,44
2024-09-01,Enterprise,13990494.439999994,13990494.439999994,13990494.439999994,158876.28,0,0,0,0,218,220,217,0,0,3,1
2024-09-01,Mid-Market,25382832.799999986,25367280.799999986,25391622.559999984,466065.36,24341.76,0,15552,0,963,976,960,1,0,16,2
2024-09-01,SMB,24761289.11999998,24642364.799999986,24648338.15999998,331850.52,5973.360000000001,15469.320000000002,103455,0,2166,2183,2151,5,0,32,10
2024-09-01,Unknown,278305.32,298405.32,264625.32,0,0,0,13680,0,16,16,16,0,0,0,46
2024-10-01,Enterprise,14149370.720000003,14149370.720000003,14162959.040000003,122970.24,13588.32,0,0,0,221,222,220,0,0,2,1
2024-10-01,Mid-Market,25857687.920000006,25799888.000000004,25814450.000000004,333087.60000000003,14562,14707.920000000002,43092,0,979,990,975,1,0,14,4
2024-10-01,SMB,24980188.679999996,24960780.599999998,24962731.079999994,410883.52,1950.48,7408.08,12000,0,2194,2218,2181,2,0,37,12
2024-10-01,Unknown,264625.32,298405.32,258374.76,0,0,6250.56,0,0,16,16,16,0,0,0,49
2024-11-01,Enterprise,14285929.280000007,14285929.280000007,14377713.440000005,50625,28496.519999999997,0,0,0,223,223,222,0,0,1,2
2024-11-01,Mid-Market,26147637.6,26130141.6,26232615,157061.4,33252.72,0,17496,0,994,995,989,1,0,6,6
2024-11-01,SMB,25373614.6,25318007.560000002,25387272.400000006,257272.44,20740.32,1907.04,53700,0,2229,2242,2215,3,0,27,11
2024-11-01,Unknown,258374.76,298405.32,258374.76,0,0,0,0,0,16,16,16,0,0,0,49
2024-12-01,Enterprise,14428438.439999998,14428438.439999998,14499353.039999995,103968.72,0,0,0,0,224,227,223,0,0,4,1
2024-12-01,Mid-Market,26389876.40000001,26358795.440000013,26422659.080000013,150700.2,10992.84,4512.96,26568,0,999,1000,993,2,0,7,4
2024-12-01,SMB,25644544.840000004,25577428.480000004,25630004.560000006,308694,10895.4,4716.36,62400,0,2253,2269,2239,3,0,30,11
2024-12-01,Unknown,258374.75999999998,298405.31999999995,258374.75999999998,0,0,0,0,0,16,16,16,0,0,0,49
2025-01-01,Enterprise,14603321.75999999,14603321.75999999,14733841.559999991,21472.2,51328.799999999996,0,0,0,228,228,227,0,0,1,1
2025-01-01,Mid-Market,26573359.28000002,26562273.200000018,26650636.520000014,89626.44,12492.960000000001,11086.08,0,0,1004,1005,1000,0,0,5,4
2025-01-01,SMB,25938698.559999995,25899222.04,25951201.839999996,196638,13003.32,7076.52,32400,0,2280,2282,2265,4,0,17,12
2025-01-01,Unknown,258374.76,298405.32,258374.76,21375,0,0,0,0,16,17,16,0,0,1,50
2025-02-01,Enterprise,14755313.760000005,14745119.640000006,14855261.880000005,12150,34989,10194.12,0,0,229,229,228,0,0,1,1
2025-02-01,Mid-Market,26740262.96000002,26740262.96000002,26840865.320000023,0,17055.239999999998,0,0,0,1009,1005,1005,0,0,0,5
2025-02-01,SMB,26147939.840000007,26108579.840000007,26132201.000000007,50796.479999999996,2550.6,0,39360,0,2293,2282,2278,4,0,4,11
2025-02-01,Unknown,279749.76,319780.31999999995,279749.76,0,0,0,0,0,17,17,17,0,0,0,50
2025-03-01,Enterprise,14867411.88,14865900.000000002,14945876.880000003,32400,39022.68,1511.88,0,0,230,230,229,0,0,1,1
2025-03-01,Mid-Market,26840965.320000015,26760781.680000015,26881225.32000002,106008.72,29349.96,15383.64,64800,0,1009,1008,1004,1,0,4,4
2025-03-01,SMB,26182997.479999993,26154440.599999994,26191418.239999995,40800,4330.2,1181.88,27375,0,2294,2284,2280,2,0,4,15
2025-03-01,Unknown,279749.76,319780.32,290883.24,0,0,0,0,0,17,18,17,0,0,0,51
2025-04-01,Enterprise,14978276.879999997,14889261.719999997,14889261.719999997,0,0,3965.04,85050.12,0,231,229,229,1,0,0,2
2025-04-01,Mid-Market,26987234.040000014,26979539.040000014,26992795.800000012,117768.48,13256.76,0,7695,0,1012,1013,1007,1,0,6,4
2025-04-01,SMB,26232518.240000006,26097583.760000005,26108455.04,199722,10871.279999999999,8694.48,126240,0,2297,2296,2280,4,0,16,16
2025-04-01,Unknown,290883.24,330913.8,290883.24,0,0,0,0,0,18,18,18,0,0,0,53
2025-05-01,Enterprise,14889361.719999997,14889361.719999997,14914142.199999996,0,24780.48,0,0,0,230,229,229,0,0,0,1
2025-05-01,Mid-Market,27110564.280000027,27083326.840000026,27152703.920000024,35476.56,69377.07999999999,0,27237.44,0,1017,1015,1012,1,0,3,7
2025-05-01,SMB,26308477.04,26245855.759999998,26249319.92,120600,3464.16,6641.28,55980,0,2311,2304,2293,3,0,11,15
2025-05-01,Unknown,290883.24,330913.8,290883.24,0,0,0,0,0,18,18,18,0,0,0,55
2025-06-01,Enterprise,14914142.2,14914142.2,14925344.439999998,0,11202.24,0,0,0,230,229,229,0,0,0,1
2025-06-01,Mid-Market,27188280.480000004,27083472.480000004,27109697.520000003,67918.68,26225.04,11901,92907,0,1020,1016,1012,3,0,4,6
2025-06-01,SMB,26369919.92,26353859.84,26385029.96,110700,31170.12,4060.08,12000,0,2321,2315,2302,2,0,13,19
2025-06-01,Unknown,290883.24,330913.8,290883.24,0,0,0,0,0,18,18,18,0,0,0,55
2025-07-01,Enterprise,14925344.44,14925344.44,14953885.36,32400,28540.92,0,0,0,230,230,229,0,0,1,1
2025-07-01,Mid-Market,27177716.200000007,27166006.000000007,27220111.24000001,46968.24,54105.240000000005,11710.2,0,0,1022,1019,1016,0,0,3,7
2025-07-01,SMB,26495929.959999997,26412380.719999995,26426713.879999995,80082.36,14333.16,11649.24,71900,0,2332,2319,2311,4,0,8,18
2025-07-01,Unknown,290883.24,330913.8,290883.24,0,0,0,0,0,18,18,18,0,0,0,56
2025-08-01,Enterprise,14986285.359999996,14986285.359999996,15019255.119999995,0,32969.76,0,0,0,231,230,230,0,0,0,1
2025-08-01,Mid-Market,27267179.480000004,27219704.72,27241912.279999997,45258.72,22207.56,3188.04,44286.72,0,1025,1020,1018,1,0,2,6
2025-08-01,SMB,26506796.239999995,26448889.879999995,26452152.439999998,79407.12,3262.56,1206.36,56700,0,2337,2328,2316,3,0,12,18
2025-08-01,Unknown,290883.24,330913.80000000005,290883.24,0,0,0,0,0,18,18,18,0,0,0,57
2025-09-01,Enterprise,15019255.12,15014543.92,15018660.88,0,4116.96,4711.2,0,0,231,230,230,0,0,0,1
2025-09-01,Mid-Market,27287171.00000001,27192252.920000013,27210396.800000012,6492.72,18143.88,7843.08,87075,0,1026,1019,1018,2,0,1,6
2025-09-01,SMB,26531559.56,26526616.039999995,26552016.079999994,100016.28,25400.04,4943.52,0,0,2346,2336,2328,0,0,8,19
2025-09-01,Unknown,290883.24,330913.8,290883.24,0,0,0,0,0,18,18,18,0,0,0,58
2025-10-01,Enterprise,15018660.88,15018660.88,15070628.200000003,0,51967.31999999999,0,0,0,231,230,230,0,0,0,1
2025-10-01,Mid-Market,27216889.520000007,27196124.000000007,27203398.400000006,37802.88,7274.400000000001,20765.52,0,0,1025,1021,1019,0,0,2,6
2025-10-01,SMB,26652132.360000003,26536398.000000004,26543055.840000007,123520.92,6657.84,6459.360000000001,109275,0,2354,2344,2332,4,0,12,19
2025-10-01,Unknown,290883.24,330913.79999999993,290883.24,0,0,0,0,0,18,18,18,0,0,0,59
2025-11-01,Enterprise,15070628.20000001,15058478.20000001,15098837.320000008,0,40359.119999999995,0,12150,0,231,229,229,1,0,0,2
2025-11-01,Mid-Market,27241201.279999997,27180556.04,27192505.520000003,37908,11949.48,9615.24,51030,0,1027,1021,1020,1,0,1,6
2025-11-01,SMB,26666676.759999994,26660676.759999994,26694970.96,104254.23999999999,34294.2,0,6000,0,2362,2354,2343,1,0,11,20
2025-11-01,Unknown,290883.24,330913.8,291961.56,0,1078.32,0,0,0,18,19,18,0,0,0,63
2025-12-01,Enterprise,15098937.319999995,15098937.319999995,15098937.319999995,0,0,0,0,0,230,229,229,0,0,0,1
2025-12-01,Mid-Market,27230413.520000007,27173713.520000007,27205468.640000008,166781.16,31755.120000000003,0,56700,0,1027,1025,1020,1,0,5,7
2025-12-01,SMB,26799325.199999996,26765653.079999994,26787395.999999993,97049.04,21742.920000000002,1752.12,31920,0,2372,2362,2351,3,0,11,18
2025-12-01,Unknown,291961.56,331992.12000000005,291961.56,0,0,0,0,0,19,19,19,0,0,0,63
2026-01-01,Enterprise,15098937.320000004,15013887.320000004,15036532.640000002,0,22645.32,0,85050,0,230,228,228,1,0,0,2
2026-01-01,Mid-Market,27372349.800000023,27318342.480000027,27370208.76000003,0,51866.28,8748.599999999999,45258.72,0,1031,1023,1023,2,0,0,6
2026-01-01,SMB,26884445.04,26804940.96,26816698.559999995,20100,11757.6,4804.08,74700,0,2381,2358,2356,6,0,2,20
2026-01-01,Unknown,291961.56,331992.12,291961.56,0,0,0,0,0,19,19,19,0,0,0,63
2026-02-01,Enterprise,15036632.639999999,15036632.639999999,15054793.92,0,18161.28,0,0,0,229,228,228,0,0,0,1
2026-02-01,Mid-Market,27370208.76000004,27347043.840000037,27389141.280000042,0,42097.439999999995,4696.92,18468,0,1029,1022,1022,1,0,0,6
2026-02-01,SMB,26836898.55999999,26824083.519999992,26831019.31999999,0,6935.8,7115.04,5700,0,2377,2357,2357,1,0,0,20
2026-02-01,Unknown,291961.55999999994,331992.12,291961.55999999994,0,0,0,0,0,19,19,19,0,0,0,63
2026-03-01,Enterprise,15054793.920000002,15004168.920000002,15043209.24,0,39040.32,0,50625,0,229,227,227,1,0,0,1
2026-03-01,Mid-Market,27389141.280000016,27247685.760000013,27251899.200000014,0,4213.44,6691.8,134763.72,0,1028,1017,1017,5,0,0,7
2026-03-01,SMB,26831019.319999985,26774761.79999999,26790217.67999999,0,15455.880000000001,9857.52,46400,0,2376,2352,2352,5,0,0,21
2026-03-01,Unknown,291961.56,331992.12,291961.56,0,0,0,0,0,19,19,19,0,0,0,64
2026-04-01,Enterprise,15043209.239999996,15043209.239999996,15067909.919999994,0,24700.68,0,0,0,228,227,227,0,0,0,1
2026-04-01,Mid-Market,27251999.200000014,27238914.520000014,27289714.36000001,0,50799.84,13084.68,0,0,1023,1017,1017,0,0,0,7
2026-04-01,SMB,26790317.67999999,26759603.79999999,26773315.83999999,0,13712.039999999999,10313.88,20400,0,2372,2350,2350,2,0,0,25
2026-04-01,Unknown,291961.56,331992.12,291961.56,0,0,0,0,0,19,19,19,0,0,0,64
2026-05-01,Enterprise,15067909.919999994,15067909.919999994,15067909.919999994,0,0,0,0,0,228,227,227,0,0,0,1
2026-05-01,Mid-Market,27289814.360000018,27210075.680000015,27237427.280000016,0,27351.599999999995,18806.399999999998,60932.28,0,1023,1013,1013,4,0,0,6
2026-05-01,SMB,26773815.84,26682239.759999998,26692696.32,0,10456.560000000001,10816.08,80760,0,2370,2345,2345,5,0,0,21
2026-05-01,Unknown,291961.56000000006,331992.12,291961.56000000006,0,0,0,0,0,19,19,19,0,0,0,65
2026-06-01,Enterprise,15067909.919999994,14535955.919999994,14535955.919999994,0,0,0,0,531954,228,220,220,0,7,0,1
2026-06-01,Mid-Market,27237427.280000012,26695572.480000008,26695572.480000008,0,0,0,0,541854.8,1020,992,992,0,21,0,8
2026-06-01,SMB,26692796.320000008,26018211.320000008,26019516.080000006,0,1304.76,0,6000,668585,2365,2287,2287,1,57,0,21
2026-06-01,Unknown,291961.56,331992.12000000005,291961.56,0,0,0,0,0,19,19,19,0,0,0,65
